,Unnamed: 0,uid,reaction_idx,substrates,products,reaction_labels,reaction_types,conformer_energies,simulation_idx,label
0,0.0,0,0,C[C@H](N)[C@](C)(Cl)C#N.[F-],,D_C_D_E_B_B,sn2,"[0.01872267 0.01210822 0.01873426 0.01212459 0.01214004 0.00990654
 0.00805077 0.00805773 0.01900007 0.02504704 0.02502641 0.02502179
 0.02502117 0.02502603]",0,
1,1.0,1,1,C[C@@](N)(F)[C@H](C#N)[N+](=O)[O-].[F-],,E_D_C_B_A_B,sn2,[0.06383752 0.06387175],0,
2,2.0,2,2,C[C@H](C#N)[C@](C)(F)C#N.[F-],,D_C_D_C_A_B,sn2,[0.03669952 0.03671173 0.03671302 0.03668725],0,
3,3.0,3,3,C[C@@H](Cl)[C@@H](N)N([O-])[O-].[H+],,A_D_B_E_B_A,sn2,"[ 0.00365906  0.00510115  0.00633975  0.00567332 -0.00028496  0.00365464
  0.00566835  0.00364387  0.00566903  0.00366994  0.00364165  0.00569068
  0.00571514  0.00573961  0.0057419   0.00571096  0.00569025]",0,
4,4.0,4,4,CC[C@](F)(C#N)[N+](=O)[O-].[F-],,B_C_A_D_A_B,sn2,"[0.02450077 0.02452019 0.02455231 0.02165039 0.02454649 0.02454371
 0.02454719 0.02454258 0.02454196]",0,
5,5.0,5,5,N#C[C@@H](N)[C@@](N)(F)N([O-])[O-].[H+],,B_E_E_C_A_A,sn2,[0.03288129 0.02418793 0.03445314],0,
6,6.0,6,6,C[C@](N)(F)CN([O-])[O-].[H+],,D_E_B_A_A_A,sn2,[0.04964891 0.04903587 0.04964816],0,
7,7.0,7,7,C[C@@](N)(Cl)C(C#N)C#N.[F-],,E_D_C_C_B_B,sn2,[0.04810889 0.04810645 0.05054891 0.02867759 0.05054819],0,
8,8.0,8,8,C[C@H](C#N)[C@H](N)F.[Br-],,E_A_D_C_A_D,sn2,[0.08196887 0.08027847 0.08197241 0.08196988],0,
9,9.0,9,9,N#CC(C#N)C(N)(N)F.[Cl-],,E_E_C_C_A_C,sn2,[0.09060058 0.09059675 0.09061901 0.09061742],0,
10,10.0,10,10,C[C@H](C#N)[C@H](N)F.[Cl-],,E_A_D_C_A_C,sn2,[0.07369369 0.07537081 0.07537378 0.07537222],0,
11,11.0,11,11,O=[N+]([O-])C[C@@H](F)[N+](=O)[O-].[Cl-],,B_A_B_A_A_C,sn2,"[0.05568183 0.05568783 0.05569168 0.05568361 0.05567733 0.05568487
 0.05567601]",0,
12,12.0,12,12,N[C@@H](F)C[N+](=O)[O-].[F-],,A_E_B_A_A_B,sn2,[0.05369037 0.05062416 0.05533501 0.0553374  0.0553345  0.05063152],0,
13,13.0,13,13,N#CC[C@@H](N)Cl.[F-],,A_E_A_C_B_B,sn2,"[ 0.01256767  0.01080206 -0.01103363 -0.00399138  0.0108124   0.00899188
  0.01255794  0.01258389  0.01260747  0.01089103  0.00964789  0.01089285
  0.00964009  0.00966612]",0,
14,14.0,14,14,NC(N)(F)[C@@H](N([O-])[O-])[N+](=O)[O-].[H+],,E_E_B_B_A_A,sn2,[0.04409807],0,
15,15.0,15,15,N[C@@H](F)[C@@H](N)N([O-])[O-].[H+],,A_E_B_E_A_A,sn2,[0.0515609  0.03860324 0.04344862 0.05539743 0.04244588],0,
16,16.0,16,16,C[C@H](Br)[C@@H](N)C#N.[F-],,D_A_C_E_C_B,sn2,"[-0.01407217  0.00098235  0.00096504  0.0009689   0.00097485 -0.01176664
 -0.01407737 -0.01176153  0.006904   -0.0117612  -0.01183344  0.00247642
  0.00097292  0.00368227]",0,
17,17.0,17,17,N#C[C@@H]([C@@H](N)F)[N+](=O)[O-].[Cl-],,A_E_C_B_A_C,sn2,[0.07329319 0.07344312 0.07343453 0.07344568],0,
18,18.0,18,18,N#CC[C@H](F)[N+](=O)[O-].[Cl-],,A_B_C_A_A_C,sn2,"[0.06396721 0.06396468 0.06396323 0.06395976 0.06396213 0.06396718
 0.06396247]",0,
19,19.0,19,19,N[C@@H](Cl)[C@H](N)[N+](=O)[O-].[F-],,A_E_E_B_B_B,sn2,[0.031874   0.03956899 0.03961892 0.03607009 0.03958027],0,
20,20.0,20,20,N#C[C@@H](CF)[N+](=O)[O-].[F-],,A_A_C_B_A_B,sn2,"[0.02664994 0.02664692 0.02322654 0.02664795 0.02323438 0.026649
 0.02665285 0.02665405]",0,
21,21.0,21,21,N#C[C@](N)(F)[C@@H](N)[N+](=O)[O-].[Cl-],,C_E_B_E_A_C,sn2,[0.07005543 0.07005823 0.07005131],0,
22,22.0,22,22,N[C@@H](F)[C@@H](N)[N+](=O)[O-].[F-],,A_E_B_E_A_B,sn2,[0.05974648 0.05973454 0.05760238 0.064392  ],0,
23,23.0,23,23,C[C@H](N)[C@H](F)C#N.[F-],,A_C_D_E_A_B,sn2,[0.04605415 0.04604221 0.04605417 0.04551425 0.04543671 0.04605704],0,
24,24.0,24,24,N#CC[C@@H](Br)[N+](=O)[O-].[Br-],,B_A_C_A_C_D,sn2,[0.03482491 0.03785967 0.03482972 0.03483076 0.03483276 0.03482484],0,
25,25.0,25,25,N#CC[C@H](Br)[N+](=O)[O-].[Cl-],,A_B_C_A_C_C,sn2,[0.03477169 0.03477241 0.03477138 0.03478173],0,
26,26.0,26,26,N#C[C@@H](Cl)C(N)N.[Cl-],,A_C_E_E_B_C,sn2,[0.05278318 0.05328586 0.05931501 0.05328206 0.05834666 0.05931681],0,
27,27.0,27,27,N#C[C@](N)(F)C(N)N.[F-],,C_E_E_E_A_B,sn2,[0.03745413 0.05952535],0,
28,28.0,28,28,CC(C)(F)C(N)N.[Br-],,D_D_E_E_A_D,sn2,"[0.09937028 0.10027396 0.10029495 0.09355492 0.10027838 0.09617292
 0.09610522 0.09478151 0.09478168 0.0918605  0.10003674 0.1002839
 0.09537198 0.0953726  0.09478234 0.09394602]",0,
29,29.0,29,29,C[C@H](C#N)[C@@](C)(Cl)C#N.[Cl-],,C_D_D_C_B_C,sn2,[0.05378876 0.05378903 0.05378822],0,
30,30.0,30,30,N#CC(C#N)[C@@H](Cl)[N+](=O)[O-].[F-],,B_A_C_C_B_B,sn2,[0.00493631 0.00856329],0,
31,31.0,31,31,N#C[C@@H](Cl)C(N)N.[F-],,A_C_E_E_B_B,sn2,"[0.02288525 0.02547042 0.02546381 0.02469865 0.02848926 0.02679228
 0.02644456 0.02472299 0.02644316 0.02472016 0.02677479 0.02288452
 0.02643991 0.03311727 0.02551233 0.03311343 0.03311573 0.03312077
 0.0362984 ]",0,
32,32.0,32,32,C[C@@H](Br)C(C#N)C#N.[Cl-],,A_D_C_C_C_C,sn2,[0.03988157 0.03987938 0.03987838 0.0398763  0.03987598 0.03987839],0,
33,33.0,33,33,C[C@@H]([C@@H](F)C#N)[N+](=O)[O-].[Cl-],,C_A_D_B_A_C,sn2,[0.06209217 0.06209247 0.06209278],0,
34,34.0,34,34,[H+].[N-2]C[C@](N)(F)CN,,C_E_A_E_A_A,sn2,"[0.02425486 0.02805418 0.02805251 0.03447456 0.02805446 0.03437777
 0.02425416 0.02804877 0.02804511]",0,
35,35.0,35,35,C[C@@H]([C@@H](F)C#N)[N+](=O)[O-].[F-],,C_A_D_B_A_B,sn2,[0.03258096 0.03259231],0,
36,36.0,36,36,N#CC[C@H](Cl)[N+](=O)[O-].[F-],,A_B_A_C_B_B,sn2,"[0.01264827 0.01265313 0.01262935 0.01266181 0.01263536 0.01267529
 0.01267212]",0,
37,37.0,37,37,N#CC[C@@H](Cl)C#N.[Br-],,C_A_C_A_B_D,sn2,"[0.03907504 0.0390763  0.0430175  0.03907585 0.03907535 0.04302784
 0.04301797]",0,
38,38.0,38,38,N#C[C@@H](N)[C@@H](Br)C#N.[F-],,C_A_E_C_C_B,sn2,[0.02859653 0.02858501],0,
39,39.0,39,39,N#CC[C@@](N)(Cl)C#N.[Cl-],,C_E_A_C_B_C,sn2,"[0.02317896 0.04670154 0.02318191 0.02582326 0.02062937 0.04193118
 0.04670029 0.04377995 0.04380094 0.02584838 0.04523808 0.02609836
 0.0452818  0.04193472 0.04377006 0.04194912 0.04193806 0.04194108]",0,
40,40.0,40,40,N#CC(C#N)[C@@](N)(F)C#N.[Cl-],,C_E_C_C_A_C,sn2,[0.07599042 0.07599058 0.07500069 0.07597499 0.05599731 0.05603334],0,
41,41.0,41,41,C[C@](F)(C[N-2])C(N)N.[H+],,C_D_E_E_A_A,sn2,"[0.0211363  0.01927787 0.02112505 0.02212255 0.01951015 0.01948274
 0.02112587 0.02214204 0.01163609 0.02037581 0.01034726]",0,
42,42.0,42,42,C[C@@H](C[N-2])[C@](C)(N)F.[H+],,E_D_C_D_A_A,sn2,"[ 0.00596098 -0.007782    0.00595525 -0.00574169  0.00596539 -0.01255157
 -0.01238767  0.00448897 -0.0077767  -0.01240635  0.00606286  0.00606383
  0.00606248  0.00473311  0.00473276]",0,
43,43.0,43,43,N#CC(C#N)[C@](N)(F)C#N.[Cl-],,E_C_C_C_A_C,sn2,[0.07598014 0.07598084],0,
44,44.0,44,44,C[C@@H](F)[C@@H](C#N)[N+](=O)[O-].[F-],,A_D_B_C_A_B,sn2,[0.02957157 0.02956727 0.02956764],0,
45,45.0,45,45,N#CCC(N)(N)F.[F-],,E_E_C_A_A_B,sn2,[0.06985095 0.06985086 0.06986015 0.0698598  0.06986971 0.06986441],0,
46,46.0,46,46,C[C@](Br)(C#N)C[N+](=O)[O-].[Cl-],,C_D_A_B_C_C,sn2,[0.04333429],0,
47,47.0,47,47,C[C@H]([C@H](N)Cl)N([O-])[O-].[H+],,E_A_B_D_B_A,sn2,[0.02794883 0.02795461 0.0279478 ],0,
48,48.0,48,48,N#CC[C@H](Cl)[N+](=O)[O-].[Cl-],,A_B_A_C_B_C,sn2,[0.03363929 0.03363898 0.03364263 0.03363727 0.03363809 0.03364   ],0,
49,49.0,49,49,C[C@@](Cl)(C#N)CN.[Br-],,D_C_E_A_B_D,sn2,"[0.05568529 0.05568029 0.06385528 0.06385726 0.06223741 0.06224051
 0.05704501 0.05705536 0.05704535]",0,
50,50.0,50,50,C[C@H](N)[C@](C)(F)N([O-])[O-].[H+],,D_B_D_E_A_A,sn2,"[ 0.00897601  0.00892603  0.00897694  0.0107779   0.01894952 -0.00079349
  0.01895063 -0.00079481]",0,
51,51.0,51,51,C[C@](F)(CN)[N+](=O)[O-].[F-],,D_B_E_A_A_B,sn2,[0.03968114 0.03718708 0.03968244 0.04048047],0,
52,52.0,52,52,C[C@@H](N)[C@H](Br)C#N.[F-],,A_C_E_D_C_B,sn2,"[0.01731194 0.01351823 0.00412066 0.01696847 0.01699186 0.03028552
 0.02315637 0.02316935 0.01351051 0.01351997 0.01697807 0.00411682
 0.03145928 0.03145196 0.02684636 0.02684589]",0,
53,53.0,53,53,C[C@](N)(F)C[N+](=O)[O-].[Cl-],,D_E_A_B_A_C,sn2,[0.08916405 0.08917752 0.08918025 0.08882418 0.08917939 0.08882508],0,
54,54.0,54,54,CC(C)(F)C(N)N.[Cl-],,D_D_E_E_A_C,sn2,"[0.09302634 0.093812   0.09383611 0.09383679 0.08978164 0.08978021
 0.08809274 0.08864527 0.08490484 0.08791954 0.08890521 0.08810547
 0.08800489 0.08799482]",0,
55,55.0,55,55,N#C[C@](N)(F)CN([O-])[O-].[H+],,C_E_B_A_A_A,sn2,[0.02402305 0.02501726],0,
56,56.0,56,56,C[C@@](N)(Br)C(C#N)C#N.[F-],,E_D_C_C_C_B,sn2,[0.02338176 0.02339462 0.04577297],0,
57,57.0,57,57,N#C[C@@H](N)[C@](N)(Br)C#N.[F-],,E_C_E_C_C_B,sn2,"[ 0.00157943 -0.00668171 -0.00653538 -0.00670484  0.00163271 -0.01739578
  0.00685405  0.00163929  0.00163881  0.00244176]",0,
58,58.0,58,58,CC[C@@](N)(F)C#N.[F-],,C_E_A_D_A_B,sn2,[0.0516181  0.05161867 0.04957025 0.0516102 ],0,
59,59.0,59,59,C[C@@H]([N+](=O)[O-])[C@@](C)(Cl)C#N.[F-],,C_D_B_D_B_B,sn2,[0.02045925 0.02034708 0.02035374 0.02029763 0.0202948 ],0,
60,60.0,60,60,C[C@@](Cl)(C#N)CC#N.[Br-],,D_C_C_A_B_D,sn2,[0.05290006 0.05289845],0,
61,61.0,61,61,CC[C@@](N)(F)[N+](=O)[O-].[Br-],,B_E_D_A_A_D,sn2,[0.08616111],0,
62,62.0,62,62,O=[N+]([O-])C[C@@H](F)[N+](=O)[O-].[F-],,B_A_B_A_A_B,sn2,[0.02029625 0.02030722 0.02035058 0.0203506 ],0,
63,63.0,63,63,C[C@](Cl)(CC#N)[N+](=O)[O-].[Cl-],,D_B_A_C_B_C,sn2,[0.04728997],0,
64,64.0,64,64,N#C[C@@H](Cl)[C@@H](C#N)[N+](=O)[O-].[Cl-],,A_C_B_C_B_C,sn2,[0.03802158 0.03801942],0,
65,65.0,65,65,C[C@H](C[N-2])[C@H](N)F.[H+],,E_A_D_C_A_A,sn2,[0.04011974 0.04100493 0.0410034  0.04100321],0,
66,66.0,66,66,N#C[C@@H](Cl)C[N+](=O)[O-].[Cl-],,A_C_A_B_B_C,sn2,"[0.03362242 0.03362078 0.03361732 0.03362105 0.03362011 0.03362252
 0.03362191 0.03362326]",0,
67,67.0,67,67,C[C@H](N)[C@@](N)(F)C[N-2].[H+],,C_E_D_E_A_A,sn2,"[0.02764571 0.03309079 0.02239247 0.02238621 0.0331124  0.02581733
 0.02579318 0.03658779 0.03654698 0.02238977 0.03525705 0.02492166
 0.03634334 0.02768033]",0,
68,68.0,68,68,O=[N+]([O-])[C@H](F)CN([O-])[O-].[H+],,B_A_B_A_A_A,sn2,[0.001415],0,
69,69.0,69,69,CC(C)(Cl)[C@@H](N)C[N-2].[H+],,D_D_C_E_B_A,sn2,[0.03924688],0,
70,70.0,70,70,N#CC[C@@](N)(F)[N+](=O)[O-].[Cl-],,B_E_A_C_A_C,sn2,[0.08321705 0.08321451 0.0832149  0.08321569],0,
71,71.0,71,71,C[C@@H]([N+](=O)[O-])[C@@](C)(N)F.[F-],,D_E_B_D_A_B,sn2,[0.06316012 0.06686429 0.06686134 0.06686629],0,
72,72.0,72,72,N#CC[C@H](Cl)[N+](=O)[O-].[Br-],,A_B_A_C_B_D,sn2,[0.04032228 0.04032243 0.04032402 0.04032151 0.0403246 ],0,
73,73.0,73,73,N#CC[C@@H](Cl)[N+](=O)[O-].[F-],,B_A_A_C_B_B,sn2,[0.01529797 0.01648556],0,
74,74.0,74,74,N#CC[C@@H](Cl)C#N.[Cl-],,C_A_C_A_B_C,sn2,"[0.03438729 0.03438803 0.03438595 0.03438969 0.03438826 0.03438891
 0.034386  ]",0,
75,75.0,75,75,N#CC[C@@](N)(Cl)[N+](=O)[O-].[F-],,B_E_A_C_B_B,sn2,[0.03829679 0.03829956 0.03829513 0.03831906],0,
76,76.0,76,76,N[C@H]([C@@H](F)[N+](=O)[O-])[N+](=O)[O-].[F-],,B_A_B_E_A_B,sn2,[0.04111719 0.02425589 0.041121   0.04112448],0,
77,77.0,77,77,N#C[C@H](N)[C@@H](F)[N+](=O)[O-].[Cl-],,B_A_C_E_A_C,sn2,[0.07160543 0.0574165  0.05741708 0.07162853 0.05745304],0,
78,78.0,78,78,C[C@](Cl)(C#N)[C-]([N+](=O)[O-])[N+](=O)[O-].[F-].[H+],,C_D_B_B_B_B,sn2,[0.00706408 0.00705926 0.00706179],0,
79,79.0,79,79,C[C@@H](N)[C@@](C)(F)C#N.[F-],,C_D_E_D_A_B,sn2,[0.05441467 0.05274556 0.05440151 0.05274358 0.05441387],0,
80,80.0,80,80,C[C@H](N)[C@H](F)C[N-2].[H+],,A_C_D_E_A_A,sn2,"[0.0132393  0.01479347 0.01322227 0.01306197 0.01479127 0.01954234
 0.01322539 0.01479418 0.01322682 0.01478883 0.01305595 0.02066556
 0.02066874 0.02066454 0.02068294 0.02068134 0.02066514]",0,
81,81.0,81,81,N#C[C@@H](N([O-])[O-])C(N)(N)F.[H+],,E_E_B_C_A_A,sn2,[0.05160571 0.04580752],0,
82,82.0,82,82,CCC(Cl)(C#N)C#N.[Cl-],,C_C_D_A_B_C,sn2,[0.02624917 0.02624359 0.02625113 0.02625994 0.02625949],0,
83,83.0,83,83,N#C[C@@H]([N+](=O)[O-])C(N)(N)F.[F-],,E_E_B_C_A_B,sn2,[0.06907028 0.0658835  0.06938138],0,
84,84.0,84,84,C[C@H](N)[C@@](N)(F)C#N.[F-],,C_E_D_E_A_B,sn2,"[0.05967585 0.05972001 0.0506461  0.05297323 0.0557021  0.05295958
 0.04168017 0.06209475 0.03153536 0.06239366 0.03917939 0.05967142
 0.06082517 0.06509643 0.06513717]",0,
85,85.0,85,85,C[C@H](Cl)C(C#N)C#N.[Cl-],,D_A_C_C_B_C,sn2,[0.04675923 0.04673865 0.04675939 0.04675666 0.04675876 0.04675563],0,
86,86.0,86,86,N#C[C@H](N)[C@@H](Cl)C#N.[Cl-],,C_A_C_E_B_C,sn2,"[0.03496028 0.03631907 0.03644357 0.03633812 0.03632799 0.0320046
 0.03682593 0.03495873 0.03690721 0.0496992  0.04788007 0.03496058
 0.03765342 0.0370505  0.03704835 0.03705432 0.0376614 ]",0,
87,87.0,87,87,C[C@H](N)[C@@H](F)C#N.[Cl-],,C_A_D_E_A_C,sn2,[0.06094641 0.06094211 0.06841266 0.06724874],0,
88,88.0,88,88,C[C@H](N)C(F)(C#N)C#N.[Cl-],,C_C_D_E_A_C,sn2,[0.05190734 0.0519     0.05117669],0,
89,89.0,89,89,N#CC[C@](N)(Cl)C#N.[F-],,E_C_C_A_B_B,sn2,"[ 0.00243296 -0.02974679  0.00170474 -0.02265315  0.00518968  0.00518955
  0.0051903   0.00252385]",0,
90,90.0,90,90,CC(C)[C@@](N)(F)[N+](=O)[O-].[Cl-],,B_E_D_D_A_C,sn2,[0.08285229 0.08402662 0.08632441 0.08399101 0.08632712],0,
91,91.0,91,91,C[C@H](C[N-2])[C@](C)(N)F.[H+],,E_D_D_C_A_A,sn2,"[0.00442503 0.00454337 0.00168242 0.00445537 0.00456358 0.00169463
 0.00295431 0.0047152  0.00308068 0.00472044]",0,
92,92.0,92,92,N#CC(C#N)CBr.[Cl-],,A_A_C_C_C_C,sn2,"[0.01510237 0.01510286 0.03361047 0.03360744 0.03361364 0.01510212
 0.01510204 0.01510188 0.01510076]",0,
93,93.0,93,93,C[C@@H](Cl)[C@@H](N)[N+](=O)[O-].[Cl-],,A_D_B_E_B_C,sn2,[0.04117359 0.0387384  0.04252665 0.03874245 0.03875061],0,
94,94.0,94,94,CC(C)(Cl)[C@@H](N)N([O-])[O-].[H+],,D_D_B_E_B_A,sn2,"[ 0.00152096  0.00150741  0.00521063 -0.00178739  0.00441289  0.00436464
  0.0043416   0.00706061  0.00706025  0.00706218  0.00707651]",0,
95,95.0,95,95,C[C@](Cl)(C#N)CC#N.[F-],,C_D_A_C_B_B,sn2,[0.02800453 0.02800293 0.02801199],0,
96,96.0,96,96,N#C[C@@H](N)[C@@H](N)F.[Cl-],,A_E_E_C_A_C,sn2,"[0.07328479 0.07328529 0.07147823 0.0683374  0.06835678 0.07146761
 0.07328117]",0,
97,97.0,97,97,C[C@](F)(C#N)C[N+](=O)[O-].[Cl-],,C_D_A_B_A_C,sn2,"[0.070537   0.07054452 0.07053623 0.07053709 0.07053741 0.07053633
 0.06926399 0.06926337 0.07053768]",0,
98,98.0,98,98,N#CC[C@@H](Cl)C#N.[F-],,C_A_C_A_B_B,sn2,[0.01387136 0.01387121 0.01387382 0.01386675 0.01387384],0,
99,99.0,99,99,C[C@@H]([N+](=O)[O-])[C@@](N)(F)[N+](=O)[O-].[F-],,B_E_B_D_A_B,sn2,[0.0471662  0.04673327 0.04672974 0.0466687 ],0,
100,100.0,100,100,N#CC[C@@H](Cl)C#N.[F-],,C_A_A_C_B_B,sn2,[0.01549587 0.01549492 0.01549754 0.01549096 0.01549436],0,
101,101.0,101,101,C[C@H](F)[C@@H](N)C#N.[F-],,D_A_C_E_A_B,sn2,[0.04791101 0.04788969 0.04591376 0.04792369 0.04594877],0,
102,102.0,102,102,C[C@](N)(F)[C@@H](N)[N+](=O)[O-].[F-],,D_E_B_E_A_B,sn2,"[0.05812612 0.06430506 0.06997449 0.06995721 0.05990424 0.06996943
 0.05812755]",0,
103,103.0,103,103,C[C@](F)(C#N)[C@@H](N)C#N.[Br-],,C_D_C_E_A_D,sn2,[0.07099986 0.07016769 0.07021022],0,
104,104.0,104,104,N#C[C@H](Br)CN.[Cl-],,C_A_A_E_C_C,sn2,"[0.04422694 0.05161011 0.05161195 0.0424285  0.0427972  0.04422315
 0.05161384 0.04170274 0.05415274 0.03993595 0.03584886 0.03599096
 0.03494017 0.04991035 0.05414787 0.05335592 0.04991586 0.0533572
 0.05415242]",0,
105,105.0,105,105,N#C[C@@H](N)CCl.[F-],,A_A_E_C_B_B,sn2,[0.00531208 0.00531785 0.00891226 0.00533432 0.00438387 0.00891031],0,
106,106.0,106,106,C[C@@](N)(F)CC#N.[Cl-],,E_D_A_C_A_C,sn2,"[0.07362035 0.07362058 0.07407097 0.07137277 0.0740739  0.07137428
 0.0736202  0.07407131 0.07361962]",0,
107,107.0,107,107,N#C[C@@H](N)[C@@H](Cl)C#N.[F-],,C_A_E_C_B_B,sn2,"[0.00958596 0.00821659 0.00820802 0.00958099 0.0082295  0.00958769
 0.00959768]",0,
108,108.0,108,108,N#CC[C@@](N)(Cl)[N+](=O)[O-].[Cl-],,B_E_A_C_B_C,sn2,[0.05959577 0.05959094 0.05959432 0.05959245 0.05956869 0.05959442],0,
109,109.0,109,109,C[C@](Cl)(C#N)C[N+](=O)[O-].[Cl-],,C_D_A_B_B_C,sn2,[0.04953013 0.04952461 0.0495284  0.04952969 0.04952995 0.04944465],0,
110,110.0,110,110,C[C@@H](N)C(Cl)(C#N)C#N.[Cl-],,C_C_E_D_B_C,sn2,[0.03361932 0.03362097],0,
111,111.0,111,111,N#C[C@](N)(F)CN.[Br-],,C_E_A_E_A_D,sn2,"[0.08226012 0.08465893 0.08465903 0.08896586 0.08465908 0.08226005
 0.08467784 0.08895598 0.08462536]",0,
112,112.0,112,112,C[C@@H]([N+](=O)[O-])[C@](C)(N)F.[Cl-],,E_D_B_D_A_C,sn2,[0.08434021 0.08465143 0.08465466 0.08508511],0,
113,113.0,113,113,N#C[C@@H](N)[C@@H](N)F.[F-],,A_E_E_C_A_B,sn2,"[0.04254912 0.05090425 0.04906078 0.04254817 0.05092939 0.05172224
 0.05480605 0.05479232]",0,
114,114.0,114,114,C[C@](Cl)(C#N)C(N)N.[F-],,C_D_E_E_B_B,sn2,"[0.00885216 0.01490224 0.01796146 0.00558701 0.01757166 0.02422964
 0.00558588 0.0188967  0.01797167 0.01485307 0.02996646 0.02902233
 0.02902282 0.02997275 0.02902282 0.02902084 0.02901871 0.02902537]",0,
115,115.0,115,115,N#C[C@H](Br)CN.[Cl-],,C_A_E_A_C_C,sn2,"[0.05073582 0.04334955 0.04334007 0.05073678 0.04155276 0.04192121
 0.0433348  0.05327178 0.04333942 0.03512019 0.05073309 0.03513389
 0.04903434 0.05326211 0.05327527 0.05247992 0.04903986 0.05248145
 0.05327363]",0,
116,116.0,116,116,N#C[C@@H](Br)C[N+](=O)[O-].[Cl-],,A_C_B_A_C_C,sn2,[0.03180511 0.03181901 0.03180416 0.03181467 0.03181061],0,
117,117.0,117,117,C[C@H](N)[C@H](Cl)[N+](=O)[O-].[F-],,A_B_D_E_B_B,sn2,"[0.01678886 0.00532499 0.01677941 0.01233073 0.01103804 0.01232895
 0.01678331 0.01103282 0.0152652  0.01624967 0.02625281 0.00538345
 0.00532532 0.02915097 0.02915211 0.02914897 0.02915095 0.02915144
 0.02915246 0.029134  ]",0,
118,118.0,118,118,C[C@H](Cl)C(C#N)C#N.[F-],,D_A_C_C_B_B,sn2,"[0.01139633 0.0113928  0.01139686 0.01139266 0.01139385 0.01139754
 0.01139422 0.01139389]",0,
119,119.0,119,119,N[C@@](F)(C[N+](=O)[O-])[N+](=O)[O-].[F-],,B_E_B_A_A_B,sn2,[0.0380854  0.03808449 0.0443295  0.03807837],0,
120,120.0,120,120,N#C[C@](F)(CN)[N+](=O)[O-].[F-],,C_B_A_E_A_B,sn2,[0.02955783 0.02955922 0.02955846 0.02955939 0.02955675],0,
121,121.0,121,121,N#CC[C@@H](Br)[N+](=O)[O-].[Cl-],,B_A_C_A_C_C,sn2,"[0.03013624 0.03014088 0.03015068 0.03014298 0.0301399  0.03013903
 0.03014078]",0,
122,122.0,122,122,CC[C@@](N)(F)C#N.[Cl-],,C_E_A_D_A_C,sn2,[0.07662057 0.0756463  0.07566321 0.07662106 0.07565657],0,
123,123.0,123,123,C[C@](N)(Cl)[C@@H](N)C[N-2].[H+],,D_E_C_E_B_A,sn2,"[ 0.00974617 -0.00117357  0.00969422 -0.00110825  0.00048889  0.00247653
 -0.0011097   0.00245073  0.00365028  0.00368797  0.0062975   0.00138071
  0.00343647  0.0062832 ]",0,
124,124.0,124,124,N#CC(C#N)C(N)(N)Cl.[F-],,E_E_C_C_B_B,sn2,[0.05116759 0.05116984],0,
125,125.0,125,125,N#C[C@H](F)[C@@H](N)[N+](=O)[O-].[Cl-],,C_A_B_E_A_C,sn2,[0.04903554 0.04469727],0,
126,126.0,126,126,CC(C)[C@@](N)(F)C#N.[Cl-],,C_E_D_D_A_C,sn2,[0.08013566 0.0801316  0.08013165 0.08013481 0.08013464 0.08012465],0,
127,127.0,127,127,C[C@H](C#N)[C@@](C)(N)F.[F-],,D_E_D_C_A_B,sn2,[0.06232078 0.06016952 0.06113824 0.06017064 0.06231274 0.06114049],0,
128,128.0,128,128,C[C@](N)(Br)C(C#N)C#N.[F-],,D_E_C_C_C_B,sn2,[0.02279431 0.04291394 0.04516993 0.04292319 0.04514215],0,
129,129.0,129,129,C[C@H](N)[C@@H](Cl)[N+](=O)[O-].[F-],,B_A_D_E_B_B,sn2,"[0.01418729 0.01443785 0.01443237 0.01418684 0.01444763 0.01446054
 0.02582969 0.01478615 0.01418922 0.00523474 0.01477939 0.01473746
 0.02946476 0.02939897 0.0294144  0.02941827 0.02563881 0.02563879]",0,
130,130.0,130,130,N#C[C@](N)(F)[C@H](N)[N+](=O)[O-].[Cl-],,C_E_E_B_A_C,sn2,[0.07721336],0,
131,131.0,131,131,N#C[C@](N)(F)[C@@H](N)N([O-])[O-].[H+],,C_E_B_E_A_A,sn2,[0.02903711 0.03885274 0.02835805 0.02904551],0,
132,132.0,132,132,N#CC[C@](N)(Br)C#N.[Cl-],,E_C_C_A_C_C,sn2,"[0.03783783 0.01579332 0.03849647 0.03436953 0.03839345 0.01305279
 0.01313282 0.03436631 0.03436591 0.03436387 0.03575601]",0,
133,133.0,133,133,CC(C)[C@](N)(F)N([O-])[O-].[H+],,E_B_D_D_A_A,sn2,"[0.00271925 0.02482453 0.02486149 0.00467392 0.0046595  0.00271618
 0.00281896]",0,
134,134.0,134,134,CC[C@](N)(Cl)C#N.[Br-],,E_C_A_D_B_D,sn2,"[0.05773564 0.0577358  0.05418641 0.05773535 0.05480243 0.05419623
 0.05718455 0.05718436 0.0548025 ]",0,
135,135.0,135,135,N#C[C@](N)(Br)CN.[F-],,C_E_E_A_C_B,sn2,[0.00963378 0.00963667 0.00278521 0.02503177 0.02503234 0.02504405],0,
136,136.0,136,136,N#CC(C#N)[C@@H](N)F.[F-],,A_E_C_C_A_B,sn2,[0.03414884 0.03298235 0.03414705 0.03326712],0,
137,137.0,137,137,CC(C)(F)C(N)N.[F-],,D_D_E_E_A_B,sn2,[0.06108694 0.06052885 0.06187899 0.06188257 0.06071144 0.06074859],0,
138,138.0,138,138,N#C[C@@H](F)C(N)N.[Cl-],,A_C_E_E_A_C,sn2,[0.07876429 0.07299486 0.07875048 0.07876457 0.06170759],0,
139,139.0,139,139,C[C@](N)(Cl)[C@H](N)N([O-])[O-].[H+],,D_E_E_B_B_A,sn2,[0.03851252 0.03628177 0.04297764 0.02922695 0.02923284],0,
140,140.0,140,140,N#C[C@](N)(Cl)C([N+](=O)[O-])[N+](=O)[O-].[F-],,C_E_B_B_B_B,sn2,[0.03760987 0.03761422 0.03761228 0.03850115 0.03846512],0,
141,141.0,141,141,C[C@](Cl)(CN)[N+](=O)[O-].[F-],,D_B_A_E_B_B,sn2,"[0.00905928 0.00631853 0.00638935 0.00623598 0.00624086 0.00639022
 0.01826946 0.02000985 0.02000313 0.00631431 0.00905459 0.00631361
 0.01701195]",0,
142,142.0,142,142,N#C[C@@H](N)[C@@H](F)N([O-])[O-].[H+],,B_A_E_C_A_A,sn2,[0.01522038 0.01898739 0.02233164 0.01522435],0,
143,143.0,143,143,[H+].[N-2]C[C@@H](Cl)C(N)N,,A_C_E_E_B_A,sn2,"[0.01167364 0.01423291 0.01414334 0.01576614 0.01613492 0.01261039
 0.01416746 0.01614862 0.01422015 0.01416897 0.01575256 0.0168131
 0.01907443 0.01907291 0.01907655 0.00930732 0.00740512 0.02239182]",0,
144,144.0,144,144,CC[C@](N)(F)[N+](=O)[O-].[Cl-],,E_B_D_A_A_C,sn2,[0.08564653 0.08563971 0.08562257 0.08564449 0.08179924 0.08178712],0,
145,145.0,145,145,CC[C@](N)(F)C[N-2].[H+],,E_C_D_A_A_A,sn2,[0.0281961  0.02819824 0.02695092 0.02695081 0.02694478 0.02819795],0,
146,146.0,146,146,N#C[C@@H](F)C([N+](=O)[O-])[N+](=O)[O-].[Cl-],,A_C_B_B_A_C,sn2,[0.06060704 0.06059457 0.06197339 0.06060169 0.06196683],0,
147,147.0,147,147,N#CC[C@H](F)C#N.[F-],,A_C_C_A_A_B,sn2,[0.03039863 0.03036922 0.03039332 0.03039425 0.03036778 0.03036764],0,
148,148.0,148,148,CC[C@@](N)(Cl)[N+](=O)[O-].[Cl-],,B_E_D_A_B_C,sn2,[0.05672085 0.05671898 0.05146924],0,
149,149.0,149,149,C[C@@](F)(CN)N([O-])[O-].[H+],,B_D_A_E_A_A,sn2,"[0.0146174  0.01332126 0.01861562 0.01865111 0.01332411 0.00835496
 0.00860312 0.0203782  0.0086035  0.02034352 0.01691136 0.01691611
 0.01732757]",0,
150,150.0,150,150,CC[C@@](N)(F)[N+](=O)[O-].[Cl-],,B_E_D_A_A_C,sn2,[0.08134091 0.08134399 0.08131213 0.08132761],0,
151,151.0,151,151,N#C[C@](F)(CN)[N+](=O)[O-].[Cl-],,C_B_A_E_A_C,sn2,[0.0532335],0,
152,152.0,152,152,N#CC[C@](N)(F)[N+](=O)[O-].[F-],,E_B_A_C_A_B,sn2,"[ 0.00144274 -0.02182095  0.00584371  0.01124429  0.00133982 -0.0211447
  0.01127914  0.01146786  0.0112418  -0.02530241  0.01281499  0.01129836
  0.01069276  0.0106768   0.01068334  0.01068808]",0,
153,153.0,153,153,NC[C@@H](Br)[N+](=O)[O-].[Br-],,B_A_E_A_C_D,sn2,[0.04061689 0.04061772 0.04061775 0.04321021 0.04061761 0.04321325],0,
154,154.0,154,154,N#C[C@](N)(Cl)C[N+](=O)[O-].[Cl-],,C_E_A_B_B_C,sn2,[0.05343104 0.05208684 0.05211486],0,
155,155.0,155,155,N#CC[C@](N)(F)C#N.[Br-],,E_C_C_A_A_D,sn2,[0.08004993 0.08157612 0.08158385],0,
156,156.0,156,156,[H+].[N-2]CCC(N)(N)F,,E_E_C_A_A_A,sn2,[0.01348756 0.01348742 0.01348936 0.01348511 0.01349353 0.01349398],0,
157,157.0,157,157,C[C@@H](C#N)C(F)(C#N)C#N.[F-],,C_C_C_D_A_B,sn2,[0.02311768 0.02311361 0.023115   0.02311229],0,
158,158.0,158,158,C[C@@H](Br)C(C#N)C#N.[F-],,A_D_C_C_C_B,sn2,"[0.00652013 0.00652016 0.00653029 0.00651917 0.00652152 0.00652073
 0.0065203 ]",0,
159,159.0,159,159,C[C@H](Br)[C@H](C#N)[N+](=O)[O-].[F-],,D_A_C_B_C_B,sn2,[0.00932832 0.00932307],0,
160,160.0,160,160,N#C[C@@H](N)[C@@H](F)[N+](=O)[O-].[Cl-],,B_A_E_C_A_C,sn2,"[0.07486642 0.07487518 0.07126706 0.07487779 0.07870508 0.0748651
 0.07128089]",0,
161,161.0,161,161,N#CC[C@@](N)(Cl)C#N.[F-],,C_E_A_C_B_B,sn2,"[0.00508109 0.00237836 0.0023298  0.00508887 0.00509023 0.00510477
 0.00509027 0.00508796]",0,
162,162.0,162,162,C[C@H](Br)[C@@H](N)C[N-2].[H+],,D_A_C_E_C_A,sn2,[0.01503094 0.01500971 0.01502539 0.01502516],0,
163,163.0,163,163,CC[C@](N)(F)C#N.[F-],,E_C_D_A_A_B,sn2,[0.05163876 0.05163847 0.05163081 0.04959461 0.04959599],0,
164,164.0,164,164,CC(C)(Cl)C(N)N.[F-],,D_D_E_E_B_B,sn2,"[0.01313397 0.01642799 0.01642213 0.0186497  0.01673312 0.01672902
 0.02243744 0.01754297 0.01753849 0.01318707 0.01754336 0.01845272
 0.02458673 0.02458406 0.0275454  0.02513229 0.02545475 0.02458619
 0.02458562 0.02524814 0.02458695 0.02458007]",0,
165,165.0,165,165,C[C@H](N)C(F)(C#N)C#N.[F-],,C_C_D_E_A_B,sn2,[0.03209815 0.03209385 0.03209993 0.03210029],0,
166,166.0,166,166,N#C[C@](N)(Cl)CN.[F-],,C_E_A_E_B_B,sn2,"[0.00860754 0.01525104 0.00862299 0.01526748 0.00859959 0.02035545
 0.0297025  0.03053019 0.02806443]",0,
167,167.0,167,167,N#C[C@H](N)[C@@](N)(F)C#N.[F-],,C_E_C_E_A_B,sn2,"[0.04591245 0.04821101 0.04817336 0.06009076 0.04411016 0.06009915
 0.04588665 0.04590628]",0,
168,168.0,168,168,C[C@@](N)(F)CN.[F-],,E_D_A_E_A_B,sn2,"[0.07452376 0.06882007 0.07603459 0.07605571 0.06882475 0.06678839
 0.07275859 0.07604989]",0,
169,169.0,169,169,N#C[C@](N)(F)C[N+](=O)[O-].[F-],,C_E_A_B_A_B,sn2,[0.04601474 0.05022471 0.05021373],0,
170,170.0,170,170,C[C@@H](F)[C@@H](N)C[N-2].[H+],,A_D_C_E_A_A,sn2,"[ 0.00208467  0.00086382  0.0017478  -0.00169041 -0.00068888 -0.00487321
  0.00211318  0.00086423  0.0021184   0.00212192 -0.00156048 -0.00483648
  0.00173587 -0.00126951 -0.00193249 -0.00127559 -0.00126692 -0.00191922
 -0.00126636 -0.00192419  0.00265841]",0,
171,171.0,171,171,N#CC[C@](N)(Cl)C#N.[Cl-],,E_C_C_A_B_C,sn2,[0.04192278 0.04041939 0.04192291 0.04192353 0.0437626  0.04041415],0,
172,172.0,172,172,C[C@H](N)[C@@H](F)C[N-2].[H+],,C_A_D_E_A_A,sn2,"[0.01485097 0.01976996 0.01485924 0.01975187 0.02395946 0.01976598
 0.01864459 0.02283841 0.01401236 0.01865269 0.01865287 0.02284091
 0.02284069]",0,
173,173.0,173,173,N#C[C@](N)(Cl)C[N+](=O)[O-].[F-],,C_E_A_B_B_B,sn2,[0.0333285  0.03330125],0,
174,174.0,174,174,N#C[C@H](N)CCl.[Cl-],,A_A_C_E_B_C,sn2,"[0.03785742 0.03785432 0.03180319 0.04078159 0.040776   0.03784501
 0.03179497 0.0407846 ]",0,
175,175.0,175,175,N#C[C@@H](Cl)[C@H](N)[N+](=O)[O-].[F-],,A_C_E_B_B_B,sn2,[0.02371774],0,
176,176.0,176,176,N#C[C@](N)(F)C[N+](=O)[O-].[Cl-],,C_E_A_B_A_C,sn2,[0.07413471 0.07704964 0.07703769],0,
177,177.0,177,177,N#CC(Br)(C#N)CN.[Cl-],,C_C_E_A_C_C,sn2,"[0.03662654 0.03663944 0.03623543 0.03623914 0.03624552 0.03624762
 0.03623084]",0,
178,178.0,178,178,N#C[C@@](N)(Cl)CN.[F-],,E_C_E_A_B_B,sn2,[0.0172902  0.02668028 0.02503931],0,
179,179.0,179,179,C[C@@](N)(F)[C@@H](N)C#N.[F-],,E_D_C_E_A_B,sn2,[0.06295327 0.06295662 0.06816998 0.06753991 0.06780467 0.06754113],0,
180,180.0,180,180,N#C[C@](N)(F)[C@H](N)[N+](=O)[O-].[F-],,C_E_E_B_A_B,sn2,[0.05594215],0,
181,181.0,181,181,C[C@@H]([C@H](N)Cl)[N+](=O)[O-].[Br-],,E_A_D_B_B_D,sn2,[0.0299208  0.02596727 0.02991622],0,
182,182.0,182,182,N#CC[C@@](N)(Br)C#N.[Cl-],,C_E_A_C_C_C,sn2,"[0.03780421 0.03780181 0.03842116 0.03433057 0.01775752 0.03836195
 0.0378249  0.03838064 0.01309932 0.03834415 0.03434418 0.03434604
 0.03567191 0.03584481 0.03595107]",0,
183,183.0,183,183,C[C@@H](Br)C(N)N.[F-],,A_D_E_E_C_B,sn2,"[0.0188882  0.02488944 0.02907927 0.02672946 0.01888288 0.0229842
 0.0209301  0.02907912 0.02485554 0.02490369 0.01783523 0.02091426
 0.03181113 0.03309764 0.03181106 0.03300449 0.02489514 0.02087571
 0.0330041  0.02898178]",0,
184,184.0,184,184,C[C@](Cl)(C#N)CC#N.[Cl-],,C_D_A_C_B_C,sn2,[0.04752959 0.04753034 0.04753577],0,
185,185.0,185,185,C[C@H](F)[C@H](N)C#N.[F-],,D_A_E_C_A_B,sn2,[0.05061897 0.05308097 0.05308594 0.0530891  0.05308598],0,
186,186.0,186,186,C[C@H](C#N)C(F)(C#N)C#N.[F-],,C_C_D_C_A_B,sn2,[0.02305357 0.02308508 0.02306633 0.02307493 0.02304549],0,
187,187.0,187,187,C[C@@](Cl)(C#N)CC#N.[F-],,D_C_C_A_B_B,sn2,[0.02798519 0.02798488 0.02799338 0.02798679 0.0279899  0.02797531],0,
188,188.0,188,188,CC[C@@](N)(F)C[N-2].[H+],,C_E_A_D_A_A,sn2,[-0.00410276  0.02664937  0.02817038  0.02818618  0.02691267  0.02816944],0,
189,189.0,189,189,C[C@@H](C#N)[C@@H](Br)C#N.[F-],,C_A_C_D_C_B,sn2,[0.00279912 0.00278239],0,
190,190.0,190,190,C[C@H](C#N)[C@H](N)F.[F-],,E_A_D_C_A_B,sn2,[0.04884443 0.04886889 0.0488637 ],0,
191,191.0,191,191,CCC(Cl)(C#N)C#N.[Br-],,C_C_D_A_B_D,sn2,[0.03129933 0.03130941 0.03129018 0.03129286 0.03129655],0,
192,192.0,192,192,CC(C)(Cl)[C@@H](N)[N+](=O)[O-].[F-],,D_D_B_E_B_B,sn2,[0.04480347 0.04480119 0.04477646 0.04477915],0,
193,193.0,193,193,C[C@@H](N)[C@@](C)(F)C[N-2].[H+],,C_D_E_D_A_A,sn2,"[0.01343615 0.0168237  0.00631577 0.01344109 0.0062772  0.01344546
 0.01344648 0.01689979 0.01807835 0.00631464 0.01684878 0.01690618
 0.01685365 0.00627634 0.01344354 0.01819852 0.01818367 0.01819425
 0.01831191 0.01829804 0.01819641]",0,
194,194.0,194,194,CC(C)(Cl)[C@@H](N)C#N.[Cl-],,D_D_C_E_B_C,sn2,"[0.03937287 0.04739351 0.03937075 0.04520297 0.04739582 0.04709457
 0.0459918  0.04525091 0.04601802 0.04710601]",0,
195,195.0,195,195,C[C@H](C#N)[C@H](N)Br.[F-],,E_A_D_C_C_B,sn2,[-0.0250324  -0.02223472  0.00275918  0.00327394  0.00327227],0,
196,196.0,196,196,CC[C@@](F)(C#N)[N+](=O)[O-].[Cl-],,C_B_A_D_A_C,sn2,[0.04501319 0.04868616 0.04501638 0.04868024],0,
197,197.0,197,197,C[C@H](Cl)C([N+](=O)[O-])[N+](=O)[O-].[F-],,D_A_B_B_B_B,sn2,[0.01471743 0.01471732],0,
198,198.0,198,198,CC(C)(Cl)[C@H](N)N([O-])[O-].[H+],,D_D_E_B_B_A,sn2,[0.04192487],0,
199,199.0,199,199,C[C@](Br)(C#N)C(N)N.[Cl-],,C_D_E_E_C_C,sn2,[0.05299846 0.06184828 0.05297388 0.0618421 ],0,
200,200.0,200,200,N#CC[C@H](Br)[N+](=O)[O-].[F-],,A_B_C_A_C_B,sn2,"[-4.39414748e-05 -3.41583909e-05 -1.32633618e-02 -1.78424060e-02
 -1.78342417e-02 -1.33021961e-02 -1.78117345e-02 -5.10546201e-05
  6.94735202e-04  7.18639480e-04  7.31678105e-04  8.31204122e-04
  7.45907113e-04]",0,
201,201.0,201,201,C[C@H](N)[C@](C)(F)C#N.[F-],,D_C_D_E_A_B,sn2,[0.04889087 0.04889274 0.04887214 0.04887724 0.04887957],0,
202,202.0,202,202,C[C@H](C#N)[C@@](C)(Br)C#N.[Cl-],,C_D_D_C_C_C,sn2,[0.0489092  0.04892455 0.04892475],0,
203,203.0,203,203,N#C[C@H]([N+](=O)[O-])C(N)(N)Cl.[F-],,E_E_C_B_B_B,sn2,[0.04910556 0.04908986 0.04909926 0.04910564 0.05327954],0,
204,204.0,204,204,N#C[C@H](N)[C@](F)(C#N)[N+](=O)[O-].[Cl-],,B_C_C_E_A_C,sn2,[0.05387138],0,
205,205.0,205,205,N#CC(C#N)[C@@H](Cl)[N+](=O)[O-].[Cl-],,B_A_C_C_B_C,sn2,[0.04039004 0.04038739],0,
206,206.0,206,206,C[C@H](F)[C@@H](N)C#N.[Cl-],,D_A_C_E_A_C,sn2,"[0.0671292  0.0671063  0.06712364 0.06801981 0.06801911 0.06712092
 0.06325993]",0,
207,207.0,207,207,N#C[C@@H](N)[C@@H](Br)[N+](=O)[O-].[Cl-],,B_A_E_C_C_C,sn2,[0.04448558],0,
208,208.0,208,208,C[C@H](C#N)[C@](C)(F)C#N.[Cl-],,D_C_D_C_A_C,sn2,[0.06724186 0.06723959 0.06724479 0.06724504 0.06724422],0,
209,209.0,209,209,N#C[C@H](Br)CN.[F-],,C_A_E_A_C_B,sn2,"[0.00576206 0.02346804 0.02308866 0.02308678 0.02348517 0.00658851
 0.00655606 0.02308503 0.00662706 0.02762027 0.00893318 0.00206605
 0.0020629  0.02313221 0.02739292 0.0273825  0.02740249 0.02313437
 0.02739496 0.0273968 ]",0,
210,210.0,210,210,C[C@@](N)(F)CC#N.[F-],,E_D_A_C_A_B,sn2,"[0.06473147 0.06558322 0.06473048 0.06557862 0.06557618 0.06558412
 0.06473163 0.06558269 0.0655841 ]",0,
211,211.0,211,211,CC(C)(F)[C@@H](N)[N+](=O)[O-].[Br-],,D_D_B_E_A_D,sn2,[0.08255387 0.08392577 0.08255628 0.08255423 0.08255412],0,
212,212.0,212,212,C[C@H](N)[C@@H](F)C#N.[F-],,C_A_D_E_A_B,sn2,[0.04185316 0.04185569 0.04586801 0.04185321],0,
213,213.0,213,213,C[C@@H](N)[C@@H](Br)[N+](=O)[O-].[F-],,B_A_E_D_C_B,sn2,"[0.01231355 0.0145528  0.00263332 0.01231203 0.02339066 0.00928699
 0.00939879 0.00928988 0.01442684 0.01455543 0.02335432 0.02756808
 0.02757532 0.02757653 0.02757249]",0,
214,214.0,214,214,N#C[C@@H](N)[C@@H](Br)[N+](=O)[O-].[F-],,B_A_E_C_C_B,sn2,[0.02883513 0.02523278],0,
215,215.0,215,215,C[C@H](C#N)[C@@H](Br)[N+](=O)[O-].[Cl-],,B_A_D_C_C_C,sn2,"[0.03648276 0.02083325 0.0364716  0.02085564 0.02082004 0.03648981
 0.03648509]",0,
216,216.0,216,216,N#C[C@H](Br)CN.[Br-],,C_A_E_A_C_D,sn2,[0.03903275 0.03903089 0.0265311  0.04302004 0.04217894 0.04217681],0,
217,217.0,217,217,N[C@H](Br)C([N+](=O)[O-])[N+](=O)[O-].[F-],,E_A_B_B_C_B,sn2,[0.03192007 0.03451281 0.03198427],0,
218,218.0,218,218,CC(C)(Cl)[C@@H](N)C#N.[F-],,D_D_C_E_B_B,sn2,"[ 0.00294323 -0.01312599  0.00025512  0.00294204  0.00151737  0.00546101
  0.00540405  0.00654305  0.0064576 ]",0,
219,219.0,219,219,N#C[C@@H](N)[C@@H](Br)C#N.[Cl-],,C_A_E_C_C_C,sn2,"[0.04126697 0.02719478 0.04127642 0.03169501 0.03164796 0.03167455
 0.03116711 0.03116654 0.03116667 0.04126757 0.04369824 0.02719493
 0.03169458 0.03171327 0.04373172 0.04374139]",0,
220,220.0,220,220,C[C@H](C#N)[C@](N)(Cl)[N+](=O)[O-].[F-],,E_B_D_C_B_B,sn2,[0.02616643],0,
221,221.0,221,221,N[C@@](F)(C[N+](=O)[O-])[N+](=O)[O-].[F-],,B_E_A_B_A_B,sn2,[0.04432789 0.04414968 0.04431192 0.04431789],0,
222,222.0,222,222,C[C@@H](N)[C@](N)(Cl)[N+](=O)[O-].[F-],,E_B_E_D_B_B,sn2,[0.01505204 0.01296519 0.04582008],0,
223,223.0,223,223,C[C@H](N)[C@](C)(Cl)C#N.[Cl-],,D_C_D_E_B_C,sn2,"[0.04471479 0.04469596 0.04469901 0.04960903 0.05212968 0.05215923
 0.0521721  0.05216178 0.05216961 0.05042407]",0,
224,224.0,224,224,C[C@H](N)[C@](C)(F)C[N-2].[H+],,D_C_D_E_A_A,sn2,"[0.00651888 0.00651519 0.00709581 0.01707996 0.01840713 0.01840391
 0.0183969  0.01852516 0.01852583 0.01841152 0.01839724]",0,
225,225.0,225,225,C[C@@H]([C@H](Br)C#N)[N+](=O)[O-].[F-],,A_C_D_B_C_B,sn2,[0.00149494 0.00149397 0.00150818 0.00151687],0,
226,226.0,226,226,N#CC[C@](N)(F)C#N.[F-],,E_C_C_A_A_B,sn2,[0.05188481 0.0452563  0.04892956 0.0518802  0.04525519 0.0489718 ],0,
227,227.0,227,227,N#CC(Br)(C#N)CN.[Cl-],,C_C_A_E_C_C,sn2,"[0.03639903 0.03628007 0.03599528 0.03641053 0.03634221 0.03592509
 0.03600303 0.03600724 0.03601321 0.036015  ]",0,
228,228.0,228,228,N#C[C@H](N)[C@@](N)(F)C#N.[Cl-],,C_E_C_E_A_C,sn2,[0.07116552 0.07141207 0.07141332],0,
229,229.0,229,229,N#CC[C@](F)(C#N)[N+](=O)[O-].[F-],,B_C_C_A_A_B,sn2,"[0.02096073 0.02095806 0.02095158 0.02096171 0.0209417  0.02095345
 0.02058401 0.02095384]",0,
230,230.0,230,230,C[C@H](Br)[C@@H](N)C#N.[Cl-],,D_A_C_E_C_C,sn2,"[0.03293819 0.03946794 0.03947254 0.0394702  0.03945601 0.03346431
 0.03294939 0.03023055 0.04348514 0.04056876 0.03294293 0.03945467
 0.03946535]",0,
231,231.0,231,231,C[C@@](Cl)(C#N)CC#N.[Cl-],,D_C_C_A_B_C,sn2,[0.04756479 0.04756272],0,
232,232.0,232,232,C[C@@H](N([O-])[O-])[C@@](C)(N)F.[H+],,D_E_B_D_A_A,sn2,[0.05930301 0.05406861 0.05930148 0.05929131],0,
233,233.0,233,233,C[C@](Cl)(C#N)C(N)N.[Br-],,C_D_E_E_B_D,sn2,[0.06482963 0.07262032 0.06482655 0.06482079 0.06482923],0,
234,234.0,234,234,N#CC[C@H](Br)C#N.[F-],,A_C_C_A_C_B,sn2,"[-1.30437258e-02 -1.30462917e-02 -1.18294773e-03 -1.37961926e-02
 -1.30273244e-02 -1.38217754e-02 -1.30540053e-02 -1.18479762e-03
 -1.18772601e-03 -7.67624911e-05]",0,
235,235.0,235,235,CC(C)(F)[C@H](N)[N+](=O)[O-].[Cl-],,D_D_E_B_A_C,sn2,[0.0775306  0.07753953 0.07530099 0.07529906],0,
236,236.0,236,236,N[C@H](Cl)[C@H](N)N([O-])[O-].[H+],,E_A_E_B_B_A,sn2,[0.02648411],0,
237,237.0,237,237,N[C@H](Cl)C([N+](=O)[O-])[N+](=O)[O-].[F-],,E_A_B_B_B_B,sn2,[0.03649044 0.03652244],0,
238,238.0,238,238,N#CC[C@H](Br)[N+](=O)[O-].[Br-],,A_B_C_A_C_D,sn2,[0.04119095],0,
239,239.0,239,239,C[C@H]([C@H](Cl)[N+](=O)[O-])[N+](=O)[O-].[F-],,A_B_B_D_B_B,sn2,[0.00700668],0,
240,240.0,240,240,C[C@@H](Br)C(N)N.[Cl-],,A_D_E_E_C_C,sn2,"[0.04519507 0.04684192 0.04688221 0.04916904 0.04613243 0.04916056
 0.04928008 0.04378889 0.04289813 0.04788356 0.04434743 0.04641452
 0.04140744 0.04647204 0.03935218 0.04789177 0.04438072 0.04864851]",0,
241,241.0,241,241,N#CC[C@](N)(Cl)C#N.[Br-],,E_C_C_A_B_D,sn2,[0.05567523],0,
242,242.0,242,242,N#C[C@H](N)[C@@H](Cl)C#N.[F-],,C_A_C_E_B_B,sn2,[0.02606275 0.0260629  0.02605748 0.01471769 0.0260539 ],0,
243,243.0,243,243,N[C@@](F)(C[N+](=O)[O-])[N+](=O)[O-].[Cl-],,B_E_A_B_A_C,sn2,[0.08330278 0.08332689 0.08332511 0.08335299 0.08427625 0.0833223 ],0,
244,244.0,244,244,CC(C)[C@@](N)(F)C[N-2].[H+],,C_E_D_D_A_A,sn2,"[ 2.93453692e-02  4.00074856e-03  5.63974895e-04  2.93287730e-02
  2.93364948e-02 -8.77461400e-06  2.93381498e-02  2.76932023e-02
  4.00377079e-03  2.77017924e-02  2.76931364e-02  2.77047093e-02
  2.76910387e-02  2.77063235e-02  2.77064257e-02]",0,
245,245.0,245,245,N#CC[C@@H](Cl)[N+](=O)[O-].[Cl-],,B_A_A_C_B_C,sn2,[0.04367163 0.0409406  0.04094613 0.04367434 0.04367693 0.04367171],0,
246,246.0,246,246,N#CC(F)(C#N)CN.[F-],,C_C_A_E_A_B,sn2,"[0.03057428 0.03059241 0.03057561 0.03058159 0.03058109 0.01906229
 0.01905715 0.01906953 0.01905924]",0,
247,247.0,247,247,NC[C@H](Cl)[N+](=O)[O-].[F-],,A_B_E_A_B_B,sn2,[0.02551977 0.02985985 0.02986555 0.02985612 0.0298681 ],0,
248,248.0,248,248,N#C[C@H](N)[C@H](N)Cl.[F-],,E_A_C_E_B_B,sn2,[0.03425351 0.0335844  0.03424434 0.03424832 0.03428239],0,
249,249.0,249,249,C[C@H](N)[C@@H](Cl)N([O-])[O-].[H+],,B_A_D_E_B_A,sn2,"[ 0.00800469  0.00735582  0.01140897  0.00735664  0.00631392  0.01135807
  0.01138226  0.00735618  0.0090635  -0.00120349 -0.00122473 -0.00060192]",0,
250,250.0,250,250,N#C[C@@H](Cl)C(N)N.[Br-],,A_C_E_E_B_D,sn2,"[0.06415064 0.06625536 0.06717142 0.06685262 0.06519267 0.06832937
 0.06516978 0.06690858 0.06948635 0.06688741 0.06625763 0.06687708
 0.066897   0.06689685 0.06698929 0.07200377 0.07200338]",0,
251,251.0,251,251,C[C@@](F)(CC#N)[N+](=O)[O-].[Cl-],,B_D_C_A_A_C,sn2,[0.06808463 0.0680865  0.06808232 0.06807922 0.06808606 0.06808294],0,
252,252.0,252,252,O=[N+]([O-])C[C@H](Cl)[N+](=O)[O-].[Cl-],,A_B_A_B_B_C,sn2,"[0.0341592  0.03415633 0.03415464 0.03415633 0.0341536  0.03415547
 0.03415583]",0,
253,253.0,253,253,N#CC[C@@](N)(Br)C#N.[F-],,C_E_A_C_C_B,sn2,[-0.02391805  0.00139086],0,
254,254.0,254,254,C[C@H](N)[C@](N)(F)C[N-2].[H+],,E_C_D_E_A_A,sn2,"[0.02311254 0.01342157 0.01343078 0.02653162 0.02899571 0.01212812
 0.03319181 0.03317231 0.02735015]",0,
255,255.0,255,255,N[C@@H](Cl)[C@H](N)N([O-])[O-].[H+],,A_E_E_B_B_A,sn2,[0.02760257 0.02328993 0.03095268],0,
256,256.0,256,256,C[C@](F)(C#N)[C@@H](N)C#N.[F-],,C_D_C_E_A_B,sn2,[0.03832737 0.03829634 0.03830311 0.04539031],0,
257,257.0,257,257,C[C@@H](Cl)C([N+](=O)[O-])[N+](=O)[O-].[F-],,A_D_B_B_B_B,sn2,[0.00618499 0.00618656 0.00618722 0.00618217],0,
258,258.0,258,258,[H+].[N-2]C[C@H](N)[C@H](N)Cl,,E_A_C_E_B_A,sn2,[0.0064506  0.00606897 0.00605415 0.00362034 0.00643615],0,
259,259.0,259,259,N#C[C@H](N)[C@@](N)(F)[N+](=O)[O-].[Cl-],,B_E_C_E_A_C,sn2,[0.079316   0.08153573],0,
260,260.0,260,260,N#C[C@H](N)[C@@H](F)[N+](=O)[O-].[F-],,B_A_C_E_A_B,sn2,[0.02792182 0.04431097 0.03669174 0.04432432 0.03861161 0.03667241],0,
261,261.0,261,261,CC(C)[C@@](N)(F)C#N.[F-],,C_E_D_D_A_B,sn2,[0.05280491 0.05280753 0.05283721 0.0528206  0.05282318 0.05281037],0,
262,262.0,262,262,N#CC(C#N)[C@@H](N)F.[Cl-],,A_E_C_C_A_C,sn2,"[0.07531664 0.07531138 0.07531758 0.07532782 0.07531783 0.07533513
 0.06021223 0.07532808]",0,
263,263.0,263,263,N#C[C@@](N)(Br)C(N)N.[F-],,E_C_E_E_C_B,sn2,[0.010786  0.0385203],0,
264,264.0,264,264,C[C@](N)(F)[C@@H](N)N([O-])[O-].[H+],,D_E_B_E_A_A,sn2,"[0.05362282 0.05362146 0.05142356 0.06128909 0.05362415 0.0514353
 0.05143151]",0,
265,265.0,265,265,C[C@@H](F)[C@@H](N)C#N.[Cl-],,A_D_C_E_A_C,sn2,"[0.06923655 0.06449572 0.06650145 0.06923247 0.06923168 0.06649654
 0.07170474]",0,
266,266.0,266,266,N#C[C@@H](N)[C@@H](Cl)C#N.[Cl-],,C_A_E_C_B_C,sn2,[0.05099076 0.05367857 0.05368851 0.05097108],0,
267,267.0,267,267,C[C@](Br)(C#N)C(N)N.[F-],,C_D_E_E_C_B,sn2,[0.0463722  0.04636959 0.04637461],0,
268,268.0,268,268,C[C@@](Cl)(C#N)CN.[Cl-],,D_C_E_A_B_C,sn2,[0.05378539 0.05379607 0.04769118 0.04769317 0.04769706],0,
269,269.0,269,269,C[C@@](F)(C#N)CN.[Br-],,D_C_E_A_A_D,sn2,[0.07403452 0.07279112 0.07001574 0.0700231 ],0,
270,270.0,270,270,CC[C@](N)(F)C#N.[Br-],,E_C_D_A_A_D,sn2,[0.08375127 0.08310282 0.0831015  0.08309775 0.08309745 0.08375114],0,
271,271.0,271,271,N#C[C@H](F)[C@@H](N)[N+](=O)[O-].[F-],,C_A_B_E_A_B,sn2,[0.02779008 0.02778593 0.02777334 0.02778467 0.02776992],0,
272,272.0,272,272,C[C@@H](F)[C@@H](N)C#N.[F-],,A_D_C_E_A_B,sn2,"[0.04665404 0.04704961 0.0466511  0.04702555 0.0470589  0.04418652
 0.04665144 0.04702491 0.04665071]",0,
273,273.0,273,273,C[C@@H](Cl)[C@@H](C#N)[N+](=O)[O-].[F-],,A_D_B_C_B_B,sn2,[0.01378179 0.0137792  0.01378071 0.01378225],0,
274,274.0,274,274,C[C@@H](N)[C@H](Br)C#N.[Cl-],,A_C_E_D_C_C,sn2,"[0.04456465 0.05193644 0.04582187 0.04448744 0.04179667 0.05031872
 0.04582515 0.04582202]",0,
275,275.0,275,275,N#CC[C@](N)(Br)[N+](=O)[O-].[F-],,E_B_C_A_C_B,sn2,[-0.01540244 -0.02114062 -0.02251264 -0.0232181   0.00727094  0.00727955],0,
276,276.0,276,276,NC[C@@H](F)[N+](=O)[O-].[F-],,B_A_E_A_A_B,sn2,"[0.03878321 0.03878233 0.04314334 0.03983686 0.04314408 0.0420665
 0.03878361 0.03879332]",0,
277,277.0,277,277,C[C@@H](N)[C@@](C)(F)N([O-])[O-].[H+],,B_D_E_D_A_A,sn2,"[ 0.00503451  0.00682192  0.00683504  0.01613559  0.00625581 -0.00145093
 -0.00473448]",0,
278,278.0,278,278,C[C@H](N)[C@@](N)(F)C#N.[Cl-],,C_E_D_E_A_C,sn2,[0.07682145 0.0781131  0.0705352  0.08450242],0,
279,279.0,279,279,C[C@](Br)(C#N)[C@H](N)C#N.[F-],,C_D_E_C_C_B,sn2,"[ 0.00370699  0.00412781 -0.00532695 -0.00959839 -0.00517362  0.00432474
  0.00436552  0.00434241]",0,
280,280.0,280,280,C[C@H](C#N)[C@](N)(F)C#N.[F-],,E_C_D_C_A_B,sn2,[0.04588232 0.04589464 0.04584462],0,
281,281.0,281,281,NC[C@](N)(F)[N+](=O)[O-].[F-],,E_B_A_E_A_B,sn2,[0.05738071 0.05397801 0.05395589 0.05399171],0,
282,282.0,282,282,CC(C)(Br)C(C#N)C#N.[Cl-],,D_D_C_C_C_C,sn2,[0.05799926 0.05799926 0.0580001  0.0579995 ],0,
283,283.0,283,283,C[C@@H](N)[C@@](C)(Cl)[N+](=O)[O-].[Cl-],,B_D_E_D_B_C,sn2,"[0.05502046 0.0487653  0.04743873 0.04878235 0.04877583 0.04975375
 0.05500558 0.04974994 0.05827881 0.05824339 0.05827154 0.05824551]",0,
284,284.0,284,284,N#CC(C#N)[C@@H](N)Cl.[F-],,A_E_C_C_B_B,sn2,[0.01329618 0.01329276],0,
285,285.0,285,285,N#C[C@H]([N+](=O)[O-])C(N)(N)F.[F-],,E_E_C_B_A_B,sn2,[0.06906607 0.065889   0.06938183 0.06587446],0,
286,286.0,286,286,CCC(F)(C#N)C#N.[F-],,C_C_D_A_A_B,sn2,"[0.00465691 0.0094655  0.00943307 0.00945349 0.00943879 0.00942548
 0.00942709 0.00944012 0.00948098 0.00948146 0.00948163 0.00948059
 0.00947699 0.00946804 0.00947458 0.00947676]",0,
287,287.0,287,287,N#C[C@@H](N)[C@@H](Cl)C#N.[Br-],,C_A_E_C_B_D,sn2,[0.05552646 0.05553714 0.05552639],0,
288,288.0,288,288,CC[C@](Cl)(C#N)[N+](=O)[O-].[F-],,B_C_D_A_B_B,sn2,[-0.0108782  -0.00401012  0.00918283  0.00920211  0.00919588  0.00918568],0,
289,289.0,289,289,N[C@H]([C@@H](F)[N+](=O)[O-])[N+](=O)[O-].[Cl-],,B_A_B_E_A_C,sn2,[0.05831226 0.06805749 0.05750139 0.06409273],0,
290,290.0,290,290,C[C@H]([C@@H](N)F)[N+](=O)[O-].[F-],,A_E_B_D_A_B,sn2,[0.0488274  0.04603695 0.05368303 0.04882133 0.04604562],0,
291,291.0,291,291,CCC(F)(C#N)C#N.[Cl-],,C_C_D_A_A_C,sn2,"[0.04803316 0.04804116 0.04804277 0.04804273 0.04804109 0.04803319
 0.04804434 0.0480435 ]",0,
292,292.0,292,292,C[C@@H]([N+](=O)[O-])C(N)(N)F.[F-],,E_E_B_D_A_B,sn2,[0.06793835 0.06793774],0,
293,293.0,293,293,N#C[C@H](Br)CN.[F-],,C_A_A_E_C_B,sn2,"[0.0230821  0.0234546  0.00656677 0.00214361 0.01018102 0.02344804
 0.02760065 0.02307028 0.00204393 0.02344732 0.002041   0.00288637
 0.02310239 0.0231087  0.02346485 0.02736938 0.02308682 0.02311092
 0.02735448]",0,
294,294.0,294,294,C[C@H]([C@@H](N)F)N([O-])[O-].[H+],,A_E_B_D_A_A,sn2,[0.03575085 0.042674   0.03909894 0.04265906],0,
295,295.0,295,295,C[C@@H](C#N)[C@](Cl)(C#N)[N+](=O)[O-].[Cl-],,B_C_C_D_B_C,sn2,[0.03625499],0,
296,296.0,296,296,N#CC(C#N)[C@H](Br)C#N.[Cl-],,A_C_C_C_C_C,sn2,[0.03536874 0.03536994 0.03536472 0.03536953 0.0353711  0.03537737],0,
297,297.0,297,297,N#C[C@](N)(F)C[N+](=O)[O-].[F-],,C_E_B_A_A_B,sn2,[0.04943691 0.0452073  0.04943771 0.04521368 0.04943353 0.0494424 ],0,
298,298.0,298,298,C[C@H](N([O-])[O-])[C@](N)(F)C#N.[H+],,E_C_D_B_A_A,sn2,[0.03158335 0.03158213],0,
299,299.0,299,299,C[C@](F)(C#N)[C@@H](N)C#N.[Cl-],,C_D_C_E_A_C,sn2,[0.0640497 0.0689487],0,
300,300.0,300,300,C[C@](F)(C#N)C(N)N.[F-],,C_D_E_E_A_B,sn2,[0.05471798 0.05430407 0.03542179 0.05432046],0,
301,301.0,301,301,C[C@@](F)(CC#N)[N+](=O)[O-].[F-],,B_D_C_A_A_B,sn2,"[0.03546961 0.03547051 0.03547257 0.03546778 0.03547024 0.03547174
 0.03546987]",0,
302,302.0,302,302,C[C@@H](N)[C@@](C)(Br)N([O-])[O-].[H+],,B_D_E_D_C_A,sn2,"[ 0.00509625  0.00556596  0.00540643 -0.00274757  0.00374953 -0.01074057
  0.00543614  0.00315425]",0,
303,303.0,303,303,C[C@H](N)[C@](C)(F)C#N.[Cl-],,D_C_D_E_A_C,sn2,[0.07093233 0.07093589 0.07258448 0.07092482],0,
304,304.0,304,304,CC(C)(Br)C(N)N.[F-],,D_D_E_E_C_B,sn2,"[0.01048052 0.00818818 0.01088161 0.01089438 0.01314296 0.01314211
 0.01088629 0.01046504 0.01217678 0.01216173 0.01218364 0.0102441
 0.01914555 0.01946522 0.02010001 0.01962898 0.01927578 0.01946986
 0.01946234 0.01914365 0.01914269]",0,
305,305.0,305,305,C[C@@H](N([O-])[O-])C(N)(N)F.[H+],,E_E_B_D_A_A,sn2,"[-0.00169597  0.00634632 -0.00162492 -0.00167202 -0.0002759   0.00410178
  0.00212587  0.00634431  0.00987148  0.00986933  0.00979508]",0,
306,306.0,306,306,C[C@H](N)[C@@](C)(Br)N([O-])[O-].[H+],,B_D_D_E_C_A,sn2,[0.00156873 0.00112225 0.00112829],0,
307,307.0,307,307,N[C@@H](Cl)[C@@H](N)N([O-])[O-].[H+],,A_E_B_E_B_A,sn2,[0.03437371 0.03440243 0.03522573],0,
308,308.0,308,308,N#C[C@](N)(Cl)C[N+](=O)[O-].[F-],,C_E_B_A_B_B,sn2,[-0.00164032],0,
309,309.0,309,309,CC(C)(F)[C@@H](N)N([O-])[O-].[H+],,D_D_B_E_A_A,sn2,[0.00879516 0.00879313],0,
310,310.0,310,310,N#C[C@](Cl)(CN)[N+](=O)[O-].[Cl-],,C_B_A_E_B_C,sn2,"[0.03781885 0.03780236 0.03493523 0.03781348 0.03492692 0.0378211
 0.03323574 0.03492269]",0,
311,311.0,311,311,C[C@@H]([C@H](Br)C#N)[N+](=O)[O-].[Cl-],,A_C_D_B_C_C,sn2,[0.02894282 0.02894123 0.02894094],0,
312,312.0,312,312,N#C[C@@H](N)[C@](N)(Cl)C#N.[F-],,E_C_E_C_B_B,sn2,"[-0.01109393  0.00069236 -0.01125126 -0.00754757  0.0007699  -0.00748027
  0.00622497  0.00323286  0.0032392   0.00622233  0.00621159]",0,
313,313.0,313,313,N#C[C@H](N)[C@@H](F)N([O-])[O-].[H+],,B_A_C_E_A_A,sn2,[0.02276248 0.02276578],0,
314,314.0,314,314,N#CC[C@@](N)(Br)C#N.[Br-],,C_E_A_C_C_D,sn2,[0.04928488 0.05106187],0,
315,315.0,315,315,NC[C@@H](Br)[N+](=O)[O-].[Cl-],,B_A_E_A_C_C,sn2,"[0.04094934 0.05032501 0.04444695 0.0409486  0.0539875  0.04342404
 0.0409484  0.04258884 0.05198557 0.04938208 0.04939096 0.05233411
 0.05234543 0.04938994 0.05234556]",0,
316,316.0,316,316,C[C@@H](C#N)[C@](Cl)(C#N)[N+](=O)[O-].[F-],,B_C_C_D_B_B,sn2,[0.01104312],0,
317,317.0,317,317,N#C[C@@H](Cl)C[N+](=O)[O-].[Br-],,A_C_A_B_B_D,sn2,[0.03808732 0.03808851 0.03807991 0.03809116 0.03809261],0,
318,318.0,318,318,N#CC[C@](N)(F)C#N.[Cl-],,E_C_C_A_A_C,sn2,[0.07346346 0.07345997 0.07520299 0.07750955 0.07345786 0.07520457],0,
319,319.0,319,319,C[C@@](N)(F)C[N+](=O)[O-].[F-],,E_D_B_A_A_B,sn2,"[0.06163448 0.0616378  0.06163678 0.06163274 0.06184412 0.06163507
 0.06095195 0.06164855 0.06162491]",0,
320,320.0,320,320,C[C@@](Cl)([C@H](N)C#N)[N+](=O)[O-].[Cl-],,B_D_E_C_B_C,sn2,[0.05771656 0.05771613 0.0577141  0.05771532],0,
321,321.0,321,321,N#C[C@](N)(F)CN.[F-],,C_E_A_E_A_B,sn2,[0.06242952 0.06189245 0.06191144 0.05886015 0.05793495 0.05799295],0,
322,322.0,322,322,C[C@H](C#N)[C@](C)(N)F.[F-],,E_D_D_C_A_B,sn2,[0.06139814 0.06339591 0.06138742 0.06339485],0,
323,323.0,323,323,N#C[C@@H]([C@H](N)F)[N+](=O)[O-].[F-],,E_A_C_B_A_B,sn2,[0.04742265 0.0474254 ],0,
324,324.0,324,324,C[C@H](Br)[C@@H](N)[N+](=O)[O-].[F-],,D_A_B_E_C_B,sn2,[0.02228949],0,
325,325.0,325,325,C[C@](Cl)(C#N)C(N)N.[Cl-],,C_D_E_E_B_C,sn2,"[0.05453289 0.05611765 0.05375906 0.05452659 0.05437668 0.05546514
 0.05612323 0.05453222 0.05533317 0.05038932 0.05612474 0.05573458
 0.05569743 0.0557336  0.05569153 0.04659963 0.05568399]",0,
0,,326,0,C[C@H](N)[C@](C)(Cl)C#N.[F-],,D_C_D_E_B_B,sn2,"[0.015725621527998612, 0.01572573167299751, 0.015719662041998816, 0.01582105862599903, 0.01572350551800028]",1,
1,,327,1,C[C@@](N)(F)[C@H](C#N)[N+](=O)[O-].[F-],,E_D_C_B_A_B,sn2,"[0.05061645460400399, 0.05061785014500231]",1,
2,,328,2,C[C@H](C#N)[C@](C)(F)C#N.[F-],,D_C_D_C_A_B,sn2,"[0.02247970622100226, 0.022482241760002353, 0.022473599493000762, 0.022475718008003298]",1,
3,,329,3,C[C@@H](Cl)[C@@H](N)N([O-])[O-].[H+],,A_D_B_E_B_A,sn2,"[0.020607628858996918, 0.02100690416799722, 0.02100209563799993, 0.021370456051997166, 0.021017749058998447, 0.02140073460099856]",1,
4,,330,4,CC[C@](F)(C#N)[N+](=O)[O-].[F-],,B_C_A_D_A_B,sn2,"[0.02039633448399769, 0.020188063919000854, 0.020360139033002156, 0.020370355408999785, 0.02018304159300044, 0.0200742456259988, 0.020468982385004608, 0.02042490962600141, 0.020433429015000115]",1,
5,,331,5,N#C[C@@H](N)[C@@](N)(F)N([O-])[O-].[H+],,B_E_E_C_A_A,sn2,"[0.016546201751005185, 0.01633730077200113, 0.010908046292001927]",1,
6,,332,6,C[C@](N)(F)CN([O-])[O-].[H+],,D_E_B_A_A_A,sn2,"[0.05714790584600138, 0.06269017281600142, 0.06266872753300134]",1,
7,,333,7,C[C@@](N)(Cl)C(C#N)C#N.[F-],,E_D_C_C_B_B,sn2,"[0.03865003415399926, 0.02023562248199795, 0.041145584086997644, 0.04113023075199962, 0.03865138153999936]",1,
8,,334,8,C[C@H](C#N)[C@H](N)F.[Br-],,E_A_D_C_A_D,sn2,"[0.05426752723399986, 0.0542667246409998, 0.054269731131000754, 0.05154611438799961]",1,
9,,335,9,N#CC(C#N)C(N)(N)F.[Cl-],,E_E_C_C_A_C,sn2,"[0.07183418561699995, 0.07170102066499595, 0.07180794878100016, 0.07171959705299713]",1,
10,,336,10,C[C@H](C#N)[C@H](N)F.[Cl-],,E_A_D_C_A_C,sn2,"[0.053750952459999723, 0.05637526700599693, 0.05637099553599967, 0.05636965878199973]",1,
11,,337,11,O=[N+]([O-])C[C@@H](F)[N+](=O)[O-].[Cl-],,B_A_B_A_A_C,sn2,"[0.01988006520100072, 0.019895428776997903, 0.01988276649199605, 0.019891955618000168, 0.019888926922000394, 0.019891646803998242, 0.019875160055001118]",1,
12,,338,12,N[C@@H](F)C[N+](=O)[O-].[F-],,A_E_B_A_A_B,sn2,"[0.043876588661998284, 0.045148226627997445, 0.045286577548999674, 0.04379294501099906, 0.04514385762999851, 0.04513666139899897]",1,
13,,339,13,N#CC[C@@H](N)Cl.[F-],,A_E_A_C_B_B,sn2,"[0.025055171584998703, 0.021401214594998663, 0.023352259010998466, 0.025032513303997916, 0.021425090449000095, 0.02150304347799903, 0.02336702929299861]",1,
14,,340,14,NC(N)(F)[C@@H](N([O-])[O-])[N+](=O)[O-].[H+],,E_E_B_B_A_A,sn2,[None],1,
15,,341,15,N[C@@H](F)[C@@H](N)N([O-])[O-].[H+],,A_E_B_E_A_A,sn2,"[0.0448833920590026, 0.038356652164999616, None, 0.047084574581003125, None]",1,
16,,342,16,C[C@H](Br)[C@@H](N)C#N.[F-],,D_A_C_E_C_B,sn2,[0.010876105360999588],1,
17,,343,17,N#C[C@@H]([C@@H](N)F)[N+](=O)[O-].[Cl-],,A_E_C_B_A_C,sn2,"[0.05451279914600349, 0.05455785286500259, 0.054571720609004615, 0.05457895276700242]",1,
18,,344,18,N#CC[C@H](F)[N+](=O)[O-].[Cl-],,A_B_C_A_A_C,sn2,"[0.02952460377500188, 0.029526824926001893, 0.029521091098999364, 0.02953962072500005, 0.029532694543998872, 0.029526943120998794, 0.029534152431001104]",1,
19,,345,19,N[C@@H](Cl)[C@H](N)[N+](=O)[O-].[F-],,A_E_E_B_B_B,sn2,"[0.026573493320000807, 0.025450279665001574, 0.030060731965001253, 0.026573338643999023, 0.026560103230998777]",1,
20,,346,20,N#C[C@@H](CF)[N+](=O)[O-].[F-],,A_A_C_B_A_B,sn2,"[0.02177681619700067, 0.021875016584001372, 0.02205424092400321, 0.021831139587000337, 0.02206734060300164, 0.022064910246001546, 0.022062510265001833, 0.022055261700000273, 0.022074316267001848]",1,
21,,347,21,N#C[C@](N)(F)[C@@H](N)[N+](=O)[O-].[Cl-],,C_E_B_E_A_C,sn2,"[0.03521273848200224, 0.03520927613000424, 0.03521368133799996]",1,
22,,348,22,N[C@@H](F)[C@@H](N)[N+](=O)[O-].[F-],,A_E_B_E_A_B,sn2,"[0.04051678251600066, 0.04248793202100387, 0.04046315412700352, 0.04308647050000047]",1,
23,,349,23,C[C@H](N)[C@H](F)C#N.[F-],,A_C_D_E_A_B,sn2,"[0.024743030370000696, 0.024738690682998055, 0.02477648115899811, 0.024754586145999014, 0.024769345667998266, 0.024796207407998594]",1,
24,,350,24,N#CC[C@@H](Br)[N+](=O)[O-].[Br-],,B_A_C_A_C_D,sn2,"[0.003561506876000209, 0.006200517273001083, 0.0035434750640028767, 0.003519297263000709, 0.0035419290650011703, 0.0035283979510012387]",1,
25,,351,25,N#CC[C@H](Br)[N+](=O)[O-].[Cl-],,A_B_C_A_C_C,sn2,"[0.006269649696999835, 0.006267054794999893, 0.006270604106997979, 0.006287622014998107]",1,
26,,352,26,N#C[C@@H](Cl)C(N)N.[Cl-],,A_C_E_E_B_C,sn2,"[0.040165228843001444, 0.029583318789001112, 0.031768337249999945, 0.0403473733460018, 0.04016426450500177, 0.03177259977800162]",1,
27,,353,27,N#C[C@](N)(F)C(N)N.[F-],,C_E_E_E_A_B,sn2,"[0.03427425233400072, 0.020921741407001093]",1,
28,,354,28,CC(C)(F)C(N)N.[Br-],,D_D_E_E_A_D,sn2,"[0.07815216521099799, 0.07566082818399877, 0.07547123320100013, 0.07547183670200042]",1,
29,,355,29,C[C@H](C#N)[C@@](C)(Cl)C#N.[Cl-],,C_D_D_C_B_C,sn2,"[0.029274969999001144, 0.02927566321899988, 0.029281389644999933]",1,
30,,356,30,N#CC(C#N)[C@@H](Cl)[N+](=O)[O-].[F-],,B_A_C_C_B_B,sn2,"[-0.010423672571000964, -0.007572401102002857]",1,
31,,357,31,N#C[C@@H](Cl)C(N)N.[F-],,A_C_E_E_B_B,sn2,"[0.022521297836998855, 0.019391633467002123, 0.019397929016999882, 0.019386531384000705, 0.01937426174299972, 0.01450971246899968]",1,
32,,358,32,C[C@@H](Br)C(C#N)C#N.[Cl-],,A_D_C_C_C_C,sn2,"[0.028923530219998383, 0.028898559165000393, 0.028955429362000018, 0.028896745888001618, 0.028889489259999124, 0.028891224068001264]",1,
33,,359,33,C[C@@H]([C@@H](F)C#N)[N+](=O)[O-].[Cl-],,C_A_D_B_A_C,sn2,"[0.030219712969000057, 0.030216809828999658, 0.030220433783995304]",1,
34,,360,34,[H+].[N-2]C[C@](N)(F)CN,,C_E_A_E_A_A,sn2,"[0.02290761662899854, 0.028238560314001404, 0.022941893517000267, 0.028222022375000932, 0.032692182476001364, 0.028264754919000268, 0.028143789996999402, 0.028235584550998283, 0.03598956458800018]",1,
35,,361,35,C[C@@H]([C@@H](F)C#N)[N+](=O)[O-].[F-],,C_A_D_B_A_B,sn2,"[0.018777326925004445, 0.018806234321999682]",1,
36,,362,36,N#CC[C@H](Cl)[N+](=O)[O-].[F-],,A_B_A_C_B_B,sn2,"[-0.0004552917900007003, -0.000242005859998784, -0.0003137251169995636, -0.00037866454200141675, -0.000145615272000299, -0.00021915042299980314, -0.0006028205620012272]",1,
37,,363,37,N#CC[C@@H](Cl)C#N.[Br-],,C_A_C_A_B_D,sn2,"[0.013044634139998124, 0.016575851138998843, 0.013046246542000262, 0.013044516948998108, 0.013042209184000342, 0.016575490321997677, 0.016579372726997832]",1,
38,,364,38,N#C[C@@H](N)[C@@H](Br)C#N.[F-],,C_A_E_C_C_B,sn2,"[0.0045456117099966775, 0.004553048102998503]",1,
39,,365,39,N#CC[C@@](N)(Cl)C#N.[Cl-],,C_E_A_C_B_C,sn2,"[0.031040551137998307, 0.031047747283999172, 0.03414413438099828, 0.03106816829899728, 0.031065704122998028]",1,
40,,366,40,N#CC(C#N)[C@@](N)(F)C#N.[Cl-],,C_E_C_C_A_C,sn2,"[0.046277522092999845, 0.04625158462899748, 0.04730626909100266, 0.027243425598001636, 0.02724972081799848, 0.046276556112999856]",1,
41,,367,41,C[C@](F)(C[N-2])C(N)N.[H+],,C_D_E_E_A_A,sn2,"[0.022258348588998444, 0.02524564197799961, 0.025335004917000248]",1,
42,,368,42,C[C@@H](C[N-2])[C@](C)(N)F.[H+],,E_D_C_D_A_A,sn2,"[0.053754187705997936, 0.0534528262459979, 0.05345280091700033, 0.053480771158000096, 0.05375379899999899]",1,
43,,369,43,N#CC(C#N)[C@](N)(F)C#N.[Cl-],,E_C_C_C_A_C,sn2,"[0.046394418113997915, 0.04643746665699666]",1,
44,,370,44,C[C@@H](F)[C@@H](C#N)[N+](=O)[O-].[F-],,A_D_B_C_A_B,sn2,"[0.025841997526995897, 0.025852677288995096, 0.02585282231599706]",1,
45,,371,45,N#CCC(N)(N)F.[F-],,E_E_C_A_A_B,sn2,"[0.054673502774999605, 0.05466939415999761, 0.05468774265800036, 0.054673309189997354, 0.054677905940000215, 0.054667283409997935]",1,
46,,372,46,C[C@](Br)(C#N)C[N+](=O)[O-].[Cl-],,C_D_A_B_C_C,sn2,[0.016841348419994517],1,
47,,373,47,C[C@H]([C@H](N)Cl)N([O-])[O-].[H+],,E_A_B_D_B_A,sn2,"[0.034753404267000576, 0.0347554872170015, 0.03473827408700103]",1,
48,,374,48,N#CC[C@H](Cl)[N+](=O)[O-].[Cl-],,A_B_A_C_B_C,sn2,"[0.011278410305003206, 0.011287359484001058, 0.011284145601003104, 0.011272147467000337, 0.011281232245000439, 0.011286424674000983]",1,
49,,375,49,C[C@@](Cl)(C#N)CN.[Br-],,D_C_E_A_B_D,sn2,"[0.03349564876899791, 0.030448230198999227, 0.03348380187199851, 0.030484653015999896, 0.03046462986199927]",1,
50,,376,50,C[C@H](N)[C@](C)(F)N([O-])[O-].[H+],,D_B_D_E_A_A,sn2,"[0.0012230139289997055, None, None, 0.0012230386310037034]",1,
51,,377,51,C[C@](F)(CN)[N+](=O)[O-].[F-],,D_B_E_A_A_B,sn2,"[0.011518510957998274, 0.016820486199996765, 0.016024203812996518, 0.011531135634996303]",1,
52,,378,52,C[C@@H](N)[C@H](Br)C#N.[F-],,A_C_E_D_C_B,sn2,"[0.008970604518999892, 0.00897983715899997, 0.010914573883997747, 0.010876396819000433]",1,
53,,379,53,C[C@](N)(F)C[N+](=O)[O-].[Cl-],,D_E_A_B_A_C,sn2,"[0.06942862899499858, 0.07106870231499585, 0.0710749944849951, 0.07104175702799864, 0.06943849771300137, 0.07106629289199873]",1,
54,,380,54,CC(C)(F)C(N)N.[Cl-],,D_D_E_E_A_C,sn2,"[0.08142217797199791, 0.07724783170800009, 0.0778400316709984, 0.08140398674099814]",1,
55,,381,55,N#C[C@](N)(F)CN([O-])[O-].[H+],,C_E_B_A_A_A,sn2,"[0.027279845195000263, 0.029652159495000774]",1,
56,,382,56,C[C@@](N)(Br)C(C#N)C#N.[F-],,E_D_C_C_C_B,sn2,"[0.0122785828909997, 0.012260388766001995, 0.031313950164001625]",1,
57,,383,57,N#C[C@@H](N)[C@](N)(Br)C#N.[F-],,E_C_E_C_C_B,sn2,"[0.01322041913999783, 0.00987622804600008, 0.009869161759997525, 0.009559318491998425]",1,
58,,384,58,CC[C@@](N)(F)C#N.[F-],,C_E_A_D_A_B,sn2,"[0.029824587360000265, 0.030790446093998725, 0.02983212352900111, 0.0298569993530009]",1,
59,,385,59,C[C@@H]([N+](=O)[O-])[C@@](C)(Cl)C#N.[F-],,C_D_B_D_B_B,sn2,"[0.013291193080000596, 0.013267850239003565, 0.012996506806004504, 0.013020367306005198, 0.012895068589003245]",1,
60,,386,60,C[C@@](Cl)(C#N)CC#N.[Br-],,D_C_C_A_B_D,sn2,"[0.02561137048700246, 0.025618560551002645]",1,
61,,387,61,CC[C@@](N)(F)[N+](=O)[O-].[Br-],,B_E_D_A_A_D,sn2,[0.044916982355005075],1,
62,,388,62,O=[N+]([O-])C[C@@H](F)[N+](=O)[O-].[F-],,B_A_B_A_A_B,sn2,"[0.01272396564399969, 0.01296782004099839, 0.012689351224999257, 0.012744750659997806]",1,
63,,389,63,C[C@](Cl)(CC#N)[N+](=O)[O-].[Cl-],,D_B_A_C_B_C,sn2,[0.02236361586999891],1,
64,,390,64,N#C[C@@H](Cl)[C@@H](C#N)[N+](=O)[O-].[Cl-],,A_C_B_C_B_C,sn2,"[0.021221490499002016, 0.021231000066997296]",1,
65,,391,65,C[C@H](C[N-2])[C@H](N)F.[H+],,E_A_D_C_A_A,sn2,"[0.03926370728899897, 0.041700351810998626, 0.04171817362799857, 0.04171585015100021]",1,
66,,392,66,N#C[C@@H](Cl)C[N+](=O)[O-].[Cl-],,A_C_A_B_B_C,sn2,"[0.016147473891997777, 0.0161357366609991, 0.016158287256999415, 0.016148606611999128, 0.016150971497999933, 0.01615032804599892, 0.01614364151399883, 0.016146755794999024]",1,
67,,393,67,C[C@H](N)[C@@](N)(F)C[N-2].[H+],,C_E_D_E_A_A,sn2,"[0.03431988909899886, 0.025032327039998137]",1,
68,,394,68,O=[N+]([O-])[C@H](F)CN([O-])[O-].[H+],,B_A_B_A_A_A,sn2,[0.00757957981699775],1,
69,,395,69,CC(C)(Cl)[C@@H](N)C[N-2].[H+],,D_D_C_E_B_A,sn2,[0.03546405855999879],1,
70,,396,70,N#CC[C@@](N)(F)[N+](=O)[O-].[Cl-],,B_E_A_C_A_C,sn2,"[0.0443820892409974, 0.044408138283998255, 0.04439546617100376, 0.04439609351300078]",1,
71,,397,71,C[C@@H]([N+](=O)[O-])[C@@](C)(N)F.[F-],,D_E_B_D_A_B,sn2,"[0.05961848484299992, 0.059621741073002, 0.0492968642230025, 0.05962258630999884]",1,
72,,398,72,N#CC[C@H](Cl)[N+](=O)[O-].[Br-],,A_B_A_C_B_D,sn2,"[0.013955549381002186, 0.01393669371699957, 0.013940663043001678, 0.013952154826000651, 0.013950285104002091]",1,
73,,399,73,N#CC[C@@H](Cl)[N+](=O)[O-].[F-],,B_A_A_C_B_B,sn2,"[-0.004475697903998821, 0.0027702353610017383]",1,
74,,400,74,N#CC[C@@H](Cl)C#N.[Cl-],,C_A_C_A_B_C,sn2,"[0.015636350850996905, 0.01563608533799865, 0.015637046961998635, 0.01563748457899905, 0.015637710753999556, 0.015633878547998137, 0.01563698675699854]",1,
75,,401,75,N#CC[C@@](N)(Cl)[N+](=O)[O-].[F-],,B_E_A_C_B_B,sn2,"[0.01742079251599904, 0.01741182766200211, 0.01737031488600138, 0.017364228974997786]",1,
76,,402,76,N[C@H]([C@@H](F)[N+](=O)[O-])[N+](=O)[O-].[F-],,B_A_B_E_A_B,sn2,"[0.017470698898996773, 0.01170746553099633, 0.017490343866995772, 0.01754757826800102]",1,
77,,403,77,N#C[C@H](N)[C@@H](F)[N+](=O)[O-].[Cl-],,B_A_C_E_A_C,sn2,"[0.039809538014999646, 0.02719627738400021, 0.03981965720100078, 0.028238530761001357, 0.028235813762002238]",1,
78,,404,78,C[C@](Cl)(C#N)[C-]([N+](=O)[O-])[N+](=O)[O-].[F-].[H+],,C_D_B_B_B_B,sn2,"[0.012266715236997072, 0.012289968041997668, 0.012272066926001912]",1,
79,,405,79,C[C@@H](N)[C@@](C)(F)C#N.[F-],,C_D_E_D_A_B,sn2,"[0.03250954683199936, 0.03490874699100033, 0.03490229904799946, 0.034897634115999665, 0.032518153104998504]",1,
80,,406,80,C[C@H](N)[C@H](F)C[N-2].[H+],,A_C_D_E_A_A,sn2,"[0.022955921472998853, 0.022980961582000248, 0.02297568452999954, 0.022954878144997082, 0.02295698172299865, 0.022955154679998202]",1,
81,,407,81,N#C[C@@H](N([O-])[O-])C(N)(N)F.[H+],,E_E_B_C_A_A,sn2,"[0.0576076249510038, 0.05056471850900124]",1,
82,,408,82,CCC(Cl)(C#N)C#N.[Cl-],,C_C_D_A_B_C,sn2,"[0.004375635984999349, 0.004373959531999816, 0.004375713038999862, 0.004465486069999969, 0.004401210061001137]",1,
83,,409,83,N#C[C@@H]([N+](=O)[O-])C(N)(N)F.[F-],,E_E_B_C_A_B,sn2,"[0.059091738450000264, 0.05521492979000442, 0.05013997660200431]",1,
84,,410,84,C[C@H](N)[C@@](N)(F)C#N.[F-],,C_E_D_E_A_B,sn2,"[0.04322902092700076, 0.03944073690200156, 0.043173609647002564]",1,
85,,411,85,C[C@H](Cl)C(C#N)C#N.[Cl-],,D_A_C_C_B_C,sn2,"[0.039353942304000356, 0.03935811550499935, 0.039375662598999384, 0.03934268877999969, 0.039352606767998566, 0.03937276606099971]",1,
86,,412,86,N#C[C@H](N)[C@@H](Cl)C#N.[Cl-],,C_A_C_E_B_C,sn2,"[0.016174472033000598, 0.01615939478199735, 0.01947319582799878, 0.01614400110099723]",1,
87,,413,87,C[C@H](N)[C@@H](F)C#N.[Cl-],,C_A_D_E_A_C,sn2,"[0.03879116782299974, 0.04341977113600137, 0.03877746725600062, 0.04524808931500246]",1,
88,,414,88,C[C@H](N)C(F)(C#N)C#N.[Cl-],,C_C_D_E_A_C,sn2,"[0.02304690465099668, 0.024252861399997272, 0.02425261697999659]",1,
89,,415,89,N#CC[C@](N)(Cl)C#N.[F-],,E_C_C_A_B_B,sn2,"[0.015534093435999097, 0.015535118254000224, 0.015536020264001138, 0.013743072600000517]",1,
90,,416,90,CC(C)[C@@](N)(F)[N+](=O)[O-].[Cl-],,B_E_D_D_A_C,sn2,"[0.043895090582999785, 0.04637681077900169, 0.050133109119002484, 0.04639240596500116, 0.05013528547300439]",1,
91,,417,91,C[C@H](C[N-2])[C@](C)(N)F.[H+],,E_D_D_C_A_A,sn2,"[0.05645249495900018, 0.052986761100001445, 0.052093644389000104, 0.05634186385299955]",1,
92,,418,92,N#CC(C#N)CBr.[Cl-],,A_A_C_C_C_C,sn2,"[0.00454443985000097, 0.004543230341997884, 0.004542609676001064, 0.020535863452000314, 0.0045429042179989665, 0.004542927435000621, 0.004543469304998382, 0.02045905726100017, 0.020470342296999178]",1,
93,,419,93,C[C@@H](Cl)[C@@H](N)[N+](=O)[O-].[Cl-],,A_D_B_E_B_C,sn2,"[0.03346815548500359, 0.03245516743699994, 0.03356454911800455, 0.03272308023700532, 0.03344254836600413]",1,
94,,420,94,CC(C)(Cl)[C@@H](N)N([O-])[O-].[H+],,D_D_B_E_B_A,sn2,"[0.03381283664799639, 0.03371589513099593, 0.03374251182300014, 0.033826898571000186]",1,
95,,421,95,C[C@](Cl)(C#N)CC#N.[F-],,C_D_A_C_B_B,sn2,"[0.010896053719001486, 0.010889199119002768, 0.01089307917500193]",1,
96,,422,96,N#C[C@@H](N)[C@@H](N)F.[Cl-],,A_E_E_C_A_C,sn2,"[0.05505226715299827, 0.05529644921900001, 0.055312165388997414, 0.055051371331998666, 0.052626146846996846, 0.05507878194399751, 0.05264837270799916]",1,
97,,423,97,C[C@](F)(C#N)C[N+](=O)[O-].[Cl-],,C_D_A_B_A_C,sn2,"[0.04251044586500541, 0.04131831775600148, 0.041325813440003856, 0.04132244212700442, 0.04127240847300584, 0.042508090845004176, 0.0412855558640004, 0.041294696778003015, 0.04134126935600335]",1,
98,,424,98,N#CC[C@@H](Cl)C#N.[F-],,C_A_C_A_B_B,sn2,"[0.0004142688010020379, 0.0004038537509991613, 0.00040469849999880125, 0.0004064365760001465, 0.0004051569939989008]",1,
99,,425,99,C[C@@H]([N+](=O)[O-])[C@@](N)(F)[N+](=O)[O-].[F-],,B_E_B_D_A_B,sn2,"[0.02233361784199417, 0.021934045796996315, 0.022235347780998893, 0.022202930673998367]",1,
100,,426,100,N#CC[C@@H](Cl)C#N.[F-],,C_A_A_C_B_B,sn2,"[-0.00035707701099951805, -0.00036875885400178277, -0.00037077682300079573, -0.0003684161300014921, -0.00036727760300081513]",1,
101,,427,101,C[C@H](F)[C@@H](N)C#N.[F-],,D_A_C_E_A_B,sn2,"[0.031058945843000174, 0.031078008318001338, 0.03105376323700071, 0.03270550361499858, 0.032634871567999824]",1,
102,,428,102,C[C@](N)(F)[C@@H](N)[N+](=O)[O-].[F-],,D_E_B_E_A_B,sn2,"[0.05270552178200205, 0.05284363098500222, 0.0557786428219984, 0.05071191297599853, None, 0.05072654009600086, 0.05275882901599971]",1,
103,,429,103,C[C@](F)(C#N)[C@@H](N)C#N.[Br-],,C_D_C_E_A_D,sn2,"[0.0364471693699997, 0.03780711584499841, 0.03645525364100166]",1,
104,,430,104,N#C[C@H](Br)CN.[Cl-],,C_A_A_E_C_C,sn2,"[0.020455375313002122, 0.01643326380400012, 0.01643938455400118, 0.021126561076002304, 0.02045703953300304, 0.02110723027100292]",1,
105,,431,105,N#C[C@@H](N)CCl.[F-],,A_A_E_C_B_B,sn2,"[0.013427234356999662, 0.013431421018999856, 0.011674851976000156, 0.011668922754999755, 0.011672864754999068, 0.012679493402998787]",1,
106,,432,106,C[C@@](N)(F)CC#N.[Cl-],,E_D_A_C_A_C,sn2,"[0.060060441104997864, 0.06332926123299742, 0.0625659152769984, 0.06334456807899969, 0.06332946816399954, 0.060056490190000034, 0.06255715988099908, 0.06256462917299999, 0.0625700275539991]",1,
107,,433,107,N#C[C@@H](N)[C@@H](Cl)C#N.[F-],,C_A_E_C_B_B,sn2,"[0.012063966130000381, 0.012083001383000891, 0.012069062482002124, 0.009241983870001746, 0.009257922596002999, 0.012063516861001489, 0.01207227398000299]",1,
108,,434,108,N#CC[C@@](N)(Cl)[N+](=O)[O-].[Cl-],,B_E_A_C_B_C,sn2,"[0.03278233459199953, 0.03275902748499959, 0.03275509732299753, 0.032755817724002156, 0.0327537691360007, 0.032751351900003556]",1,
109,,435,109,C[C@](Cl)(C#N)C[N+](=O)[O-].[Cl-],,C_D_A_B_B_C,sn2,"[0.030300113760993952, 0.030307605341995725, 0.030362194871997872, 0.03027649384399922, 0.030265974003995666, 0.030289791689995127]",1,
110,,436,110,C[C@@H](N)C(Cl)(C#N)C#N.[Cl-],,C_C_E_D_B_C,sn2,"[0.016450516308999852, 0.010660315940000942]",1,
111,,437,111,N#C[C@](N)(F)CN.[Br-],,C_E_A_E_A_D,sn2,"[0.049016149987000546, 0.042196090422002897, 0.04274238160200028, 0.04221427293600044, 0.04275342039500174, 0.042760812083002975, 0.04281875580800332, 0.04271505770700301, 0.04901756470400187]",1,
112,,438,112,C[C@@H]([N+](=O)[O-])[C@](C)(N)F.[Cl-],,E_D_B_D_A_C,sn2,"[0.05945379507600279, 0.06061184126200203, 0.06226812175800234, 0.05948150688700338]",1,
113,,439,113,N#C[C@@H](N)[C@@H](N)F.[F-],,A_E_E_C_A_B,sn2,"[0.032866226378999386, 0.030680216839002128, 0.03044259861600196, 0.03517057146200031, 0.03405297648400207, 0.034086175281998976, 0.030525472522000996, 0.030450193806998982]",1,
114,,440,114,C[C@](Cl)(C#N)C(N)N.[F-],,C_D_E_E_B_B,sn2,"[0.02802452132599953, 0.02794990101299888, 0.028031255369999286, 0.027958816870999215, 0.030187874873000453, 0.03017932909300214, 0.028041835922000047, 0.028008065870999133]",1,
115,,441,115,N#C[C@H](Br)CN.[Cl-],,C_A_E_A_C_C,sn2,"[0.017692749461001966, 0.013670653954001466, 0.013676758702001024, 0.018301543837001333, 0.018348178517001656, 0.017694413681002885, 0.018338587641000714]",1,
116,,442,116,N#C[C@@H](Br)C[N+](=O)[O-].[Cl-],,A_C_B_A_C_C,sn2,"[0.008805814590001404, 0.008812000851001756, 0.008824715128000094, 0.008826554110999751, 0.008798865891002094]",1,
117,,443,117,C[C@H](N)[C@H](Cl)[N+](=O)[O-].[F-],,A_B_D_E_B_B,sn2,"[0.009425621386000671, 0.009416833826001891, 0.009322291713999675, 0.009405937083002414, 0.009408091827999954, 0.009388312395998355, 0.0094045596770016]",1,
118,,444,118,C[C@H](Cl)C(C#N)C#N.[F-],,D_A_C_C_B_B,sn2,"[0.005111720217001903, 0.005043396590000526, 0.005114638714999842, 0.005093964311999599, 0.005115385894999491, 0.005055946337002126, 0.005110599588000753, 0.0051151188989990715]",1,
119,,445,119,N[C@@](F)(C[N+](=O)[O-])[N+](=O)[O-].[F-],,B_E_B_A_A_B,sn2,"[0.023330794071995342, 0.020117291613999555, 0.02010598912699635, 0.02013314956199963]",1,
120,,446,120,N#C[C@](F)(CN)[N+](=O)[O-].[F-],,C_B_A_E_A_B,sn2,"[0.022060087802998396, 0.022062416650001637, 0.02205861218499905, 0.02205338515900479, 0.022058173213999055]",1,
121,,447,121,N#CC[C@@H](Br)[N+](=O)[O-].[Cl-],,B_A_C_A_C_C,sn2,"[0.0014064543100005267, 0.0014256167370021444, 0.0013916098510016184, 0.0013908463690022188, 0.0013905497780015708, 0.0013933283120017848, 0.001405786662001418]",1,
122,,448,122,CC[C@@](N)(F)C#N.[Cl-],,C_E_A_D_A_C,sn2,"[0.04509686313000216, 0.044875291597001876, 0.044953030531999616, 0.0450943564020001, 0.045079132381001585]",1,
123,,449,123,C[C@](N)(Cl)[C@@H](N)C[N-2].[H+],,D_E_C_E_B_A,sn2,"[0.04346032481200268, 0.04196218227700044, 0.04297939435800302, 0.043434908047000675, 0.04295546336300049]",1,
124,,450,124,N#CC(C#N)C(N)(N)Cl.[F-],,E_E_C_C_B_B,sn2,"[0.04148318029600517, 0.04151227230899934]",1,
125,,451,125,N#C[C@H](F)[C@@H](N)[N+](=O)[O-].[Cl-],,C_A_B_E_A_C,sn2,"[0.023814756647006163, 0.020834848109004156]",1,
126,,452,126,CC(C)[C@@](N)(F)C#N.[Cl-],,C_E_D_D_A_C,sn2,"[0.048317457128000285, 0.04832372498900028, 0.04829994600899923, 0.048311000041000085, 0.048277365439002295, 0.0483141644509999]",1,
127,,453,127,C[C@H](C#N)[C@@](C)(N)F.[F-],,D_E_D_C_A_B,sn2,"[0.04877992729300118, 0.04656167574299985, 0.049703305497999395, 0.04656451285200092, 0.049731763050001376, 0.04878032371100005]",1,
128,,454,128,C[C@](N)(Br)C(C#N)C#N.[F-],,D_E_C_C_C_B,sn2,"[0.029354193716997656, 0.011913115447999445, 0.030995168002998952, 0.030970590757998906, 0.029371849288999385]",1,
129,,455,129,C[C@H](N)[C@@H](Cl)[N+](=O)[O-].[F-],,B_A_D_E_B_B,sn2,"[0.013440212059997236, 0.013454768289001606, 0.01348797768299903, 0.013486989413998174, 0.008343541074999905, 0.008293447028002277]",1,
130,,456,130,N#C[C@](N)(F)[C@H](N)[N+](=O)[O-].[Cl-],,C_E_E_B_A_C,sn2,[0.046584723515003645],1,
131,,457,131,N#C[C@](N)(F)[C@@H](N)N([O-])[O-].[H+],,C_E_B_E_A_A,sn2,"[0.027118511671005763, 0.027372941058004585, 0.02709418896500182, 0.026282731598001874]",1,
132,,458,132,N#CC[C@](N)(Br)C#N.[Cl-],,E_C_C_A_C_C,sn2,"[0.020624381880999465, 0.020623810364000406, 0.02062497150100029, 0.024860921308000883]",1,
133,,459,133,CC(C)[C@](N)(F)N([O-])[O-].[H+],,E_B_D_D_A_A,sn2,[0.005511612029003743],1,
134,,460,134,CC[C@](N)(Cl)C#N.[Br-],,E_C_A_D_B_D,sn2,"[0.029751472720001004, 0.03361194190400241, 0.03024173545900055, 0.0339982052300023, 0.029751423322000647, 0.033992074321002264, 0.030211966205001772, 0.03370653393200129, 0.03399729926400141]",1,
135,,461,135,N#C[C@](N)(Br)CN.[F-],,C_E_E_A_C_B,sn2,"[0.006290487160001135, 0.006274579043001438, 0.006262000567001991]",1,
136,,462,136,N#CC(C#N)[C@@H](N)F.[F-],,A_E_C_C_A_B,sn2,"[0.023364710262001154, 0.023733849262001172, 0.02372223282799979, 0.023744139454002777]",1,
137,,463,137,CC(C)(F)C(N)N.[F-],,D_D_E_E_A_B,sn2,"[0.04863161996800258, 0.04817718471799992, 0.05326290905600217, 0.05069435572699987, 0.04815179943200221, 0.05030783674600059]",1,
138,,464,138,N#C[C@@H](F)C(N)N.[Cl-],,A_C_E_E_A_C,sn2,"[0.05153190711499889, 0.03583713372599817, 0.04272494142599825, 0.05153268111400067, 0.05151939778900072]",1,
139,,465,139,C[C@](N)(Cl)[C@H](N)N([O-])[O-].[H+],,D_E_E_B_B_A,sn2,"[0.035262652550002827, 0.04048740161999831, 0.03530110079000082, 0.03754029283099669, 0.03623335018799878]",1,
140,,466,140,N#C[C@](N)(Cl)C([N+](=O)[O-])[N+](=O)[O-].[F-],,C_E_B_B_B_B,sn2,"[0.02705429310599783, 0.027037640031998933, 0.02981904550100012, 0.027046292892997315, 0.029727605121003364]",1,
141,,467,141,C[C@](Cl)(CN)[N+](=O)[O-].[F-],,D_B_A_E_B_B,sn2,[0.007677922874002263],1,
142,,468,142,N#C[C@@H](N)[C@@H](F)N([O-])[O-].[H+],,B_A_E_C_A_A,sn2,"[0.011086290958999712, 0.015700492576002034, 0.022199527689998888, 0.011120319580999904]",1,
143,,469,143,[H+].[N-2]C[C@@H](Cl)C(N)N,,A_C_E_E_B_A,sn2,"[0.021464041053000926, 0.016709959292999343, 0.01673581993599882, 0.005189231031998531, 0.005170398556000322, 0.0167251972439999]",1,
144,,470,144,CC[C@](N)(F)[N+](=O)[O-].[Cl-],,E_B_D_A_A_C,sn2,"[0.045298763707002365, 0.04532026194700478, 0.04531348145600589, 0.04220530554100321, 0.0422107896050008, 0.045309867921005775]",1,
145,,471,145,CC[C@](N)(F)C[N-2].[H+],,E_C_D_A_A_A,sn2,"[0.022542406653002445, 0.022514811833001858, 0.023920898857003436, 0.02394461935100267, 0.023953667622002683, 0.022504871882002675]",1,
146,,472,146,N#C[C@@H](F)C([N+](=O)[O-])[N+](=O)[O-].[Cl-],,A_C_B_B_A_C,sn2,"[0.023964968699999645, 0.027140805564002335, 0.027097748254000464, 0.027165616445998353, 0.023908707141004015]",1,
147,,473,147,N#CC[C@H](F)C#N.[F-],,A_C_C_A_A_B,sn2,"[0.016416628217001517, 0.016417341324999057, 0.01640243984300227, 0.0163884800710008, 0.016418759297000207, 0.01639706263399887]",1,
148,,474,148,CC[C@@](N)(Cl)[N+](=O)[O-].[Cl-],,B_E_D_A_B_C,sn2,"[0.03572203847000566, 0.03573402643900181, 0.03167657659200529]",1,
149,,475,149,C[C@@](F)(CN)N([O-])[O-].[H+],,B_D_A_E_A_A,sn2,"[0.015447043757998102, 0.015160338308998433, 0.015153215880999937]",1,
150,,476,150,CC[C@@](N)(F)[N+](=O)[O-].[Cl-],,B_E_D_A_A_C,sn2,"[0.044329412252999134, 0.04435326025799924, 0.04437257958399954, 0.044351477325996314]",1,
151,,477,151,N#C[C@](F)(CN)[N+](=O)[O-].[Cl-],,C_B_A_E_A_C,sn2,[0.017794484690995205],1,
152,,478,152,N#CC[C@](N)(F)[N+](=O)[O-].[F-],,E_B_A_C_A_B,sn2,"[0.02507924553700036, 0.025067723894999006, 0.025081758997998804, 0.025076353160997655]",1,
153,,479,153,NC[C@@H](Br)[N+](=O)[O-].[Br-],,B_A_E_A_C_D,sn2,"[0.00967541241399772, 0.009684640684998413, 0.009654818142998067, 0.013042233896999988, 0.012983618993999357, 0.009624365983999184]",1,
154,,480,154,N#C[C@](N)(Cl)C[N+](=O)[O-].[Cl-],,C_E_A_B_B_C,sn2,"[0.03470744081800348, 0.03367472370499769, 0.03472372225900244]",1,
155,,481,155,N#CC[C@](N)(F)C#N.[Br-],,E_C_C_A_A_D,sn2,"[0.042697414172000236, 0.04200521067899743, 0.0420304733679977]",1,
156,,482,156,[H+].[N-2]CCC(N)(N)F,,E_E_C_A_A_A,sn2,"[0.06235926819899973, 0.06234112309400075, 0.06233701580299922, 0.06233945234300009, 0.062334509806998284, 0.062326029262997906]",1,
157,,483,157,C[C@@H](C#N)C(F)(C#N)C#N.[F-],,C_C_C_D_A_B,sn2,"[0.01768975735299705, 0.017694060491002972, 0.017687005653996835, 0.0176935890260026]",1,
158,,484,158,C[C@@H](Br)C(C#N)C#N.[F-],,A_D_C_C_C_B,sn2,"[2.984001200090347e-05, 3.805382799981771e-05, 3.6482979002272486e-05, 3.6569444002765294e-05, -1.4077589998606754e-05, 3.486052900214531e-05, 3.1113981002306446e-05]",1,
159,,485,159,C[C@H](Br)[C@H](C#N)[N+](=O)[O-].[F-],,D_A_C_B_C_B,sn2,"[0.010013038122998807, 0.010020027389003872]",1,
160,,486,160,N#C[C@@H](N)[C@@H](F)[N+](=O)[O-].[Cl-],,B_A_E_C_A_C,sn2,"[0.032772266072001344, 0.035053962742999545, 0.032785475880999115, 0.038664217293998604, 0.03510202927800066, 0.03273420190299703, 0.03276833619199948]",1,
161,,487,161,N#CC[C@@](N)(Cl)C#N.[F-],,C_E_A_C_B_B,sn2,"[0.015634585570001747, 0.015601127411002835, 0.015603183128000353, 0.015606672595001925, 0.015603140335002763]",1,
162,,488,162,C[C@H](Br)[C@@H](N)C[N-2].[H+],,D_A_C_E_C_A,sn2,"[0.011205758315998793, 0.01090175098099877, 0.010910769860998926, 0.01117169849899824]",1,
163,,489,163,CC[C@](N)(F)C#N.[F-],,E_C_D_A_A_B,sn2,"[0.02987460854200208, 0.030823491635000977, 0.029879272221002395, 0.029875617343002148, 0.03084560347200238]",1,
164,,490,164,CC(C)(Cl)C(N)N.[F-],,D_D_E_E_B_B,sn2,"[0.03891877685200029, 0.039526084877000045, 0.037182979945999506, 0.0371723999290019, 0.037182713831001024, 0.03718286422600059, 0.03889247126799944, 0.042045324330000966, 0.03717807194700029, 0.03715775224700124]",1,
165,,491,165,C[C@H](N)C(F)(C#N)C#N.[F-],,C_C_D_E_A_B,sn2,"[0.02113548384100028, 0.021207138684999904, 0.021201694721000308, 0.02116313802500258]",1,
166,,492,166,N#C[C@](N)(Cl)CN.[F-],,C_E_A_E_B_B,sn2,"[0.02255229238900114, 0.011591030308000683, 0.017764807102999214, 0.029885377616999165]",1,
167,,493,167,N#C[C@H](N)[C@@](N)(F)C#N.[F-],,C_E_C_E_A_B,sn2,"[0.029243356794999897, 0.030440620210995917, 0.029733634495997308, 0.0304414956729957, 0.029228443910000124, 0.029236916155994663, 0.038110287519998565, 0.03823260262799977]",1,
168,,494,168,C[C@@](N)(F)CN.[F-],,E_D_A_E_A_B,sn2,"[0.05477992311300284, 0.05238944243700061, 0.060407275291002094, 0.06041260127500081, 0.05792190345300341, 0.059698411673000606, 0.054780417714002994, 0.060424636197002]",1,
169,,495,169,N#C[C@](N)(F)C[N+](=O)[O-].[F-],,C_E_A_B_A_B,sn2,"[0.03415345016099991, 0.03413235545799864, 0.035501180821000844]",1,
170,,496,170,C[C@@H](F)[C@@H](N)C[N-2].[H+],,A_D_C_E_A_A,sn2,"[0.03370546066100033, 0.03375313986299844, 0.034379186925999505, 0.033725697383999886, 0.033699565563001244, 0.03438389541199882, 0.03432083831799915, 0.0343707397430002]",1,
171,,497,171,N#CC[C@](N)(Cl)C#N.[Cl-],,E_C_C_A_B_C,sn2,"[0.03419061974099691, 0.031113277265998107, 0.031114011117999496, 0.03111280232399949, 0.03085072569299996, 0.030853709726997636]",1,
172,,498,172,C[C@H](N)[C@@H](F)C[N-2].[H+],,C_A_D_E_A_A,sn2,"[0.01541735555899848, 0.01983020291699944, 0.019786925735999716, 0.019764851950998974, 0.014496264974997786, 0.015402174402996849, 0.015355119835998465]",1,
173,,499,173,N#C[C@](N)(Cl)C[N+](=O)[O-].[F-],,C_E_A_B_B_B,sn2,"[0.024270395582000504, 0.024246467829001972]",1,
174,,500,174,N#C[C@H](N)CCl.[Cl-],,A_A_C_E_B_C,sn2,"[0.027825366439998334, 0.030481167676999377, 0.030483593481001492, 0.02776710609299826, 0.027833460374001362, 0.024197566523998404, 0.030481359921001427, 0.02417664204699932]",1,
175,,501,175,N#C[C@@H](Cl)[C@H](N)[N+](=O)[O-].[F-],,A_C_E_B_B_B,sn2,[0.003702736648996563],1,
176,,502,176,N#C[C@](N)(F)C[N+](=O)[O-].[Cl-],,C_E_A_B_A_C,sn2,"[0.04121174710800091, 0.041215220118999696, 0.04507057216899568]",1,
177,,503,177,N#CC(Br)(C#N)CN.[Cl-],,C_C_E_A_C_C,sn2,"[-0.006826922302000327, -0.006841960915000556, -0.006835873401001891, -0.006845057620001427, -0.006840509746002255]",1,
178,,504,178,N#C[C@@](N)(Cl)CN.[F-],,E_C_E_A_B_B,sn2,"[0.0167334202689986, 0.028862934871998647, 0.010749463535997705]",1,
179,,505,179,C[C@@](N)(F)[C@@H](N)C#N.[F-],,E_D_C_E_A_B,sn2,"[0.04784543361000004, 0.049176312172001246, 0.049275409018001426, 0.04784521155000121, 0.05140688800799964, 0.049173091561002025]",1,
180,,506,180,N#C[C@](N)(F)[C@H](N)[N+](=O)[O-].[F-],,C_E_E_B_A_B,sn2,[0.03431375681199711],1,
181,,507,181,C[C@@H]([C@H](N)Cl)[N+](=O)[O-].[Br-],,E_A_D_B_B_D,sn2,"[0.02306936426499817, 0.023058867934999228, 0.014176879281997401]",1,
182,,508,182,N#CC[C@@](N)(Br)C#N.[Cl-],,C_E_A_C_C_C,sn2,"[0.02480205859099982, 0.02051541881800034, 0.020490739321001428, 0.0247649944700008, 0.024814955637001646]",1,
183,,509,183,C[C@@H](Br)C(N)N.[F-],,A_D_E_E_C_B,sn2,"[0.020607896280999682, 0.011511832540001876, 0.020608559849002006, 0.020455900753002965, 0.020458070471001122, 0.019952934132000166, 0.015856969648002206, 0.012198730459001439]",1,
184,,510,184,C[C@](Cl)(C#N)CC#N.[Cl-],,C_D_A_C_B_C,sn2,"[0.027690115729999576, 0.027682519084997637, 0.027688216360999718]",1,
185,,511,185,C[C@H](F)[C@H](N)C#N.[F-],,D_A_E_C_A_B,sn2,"[0.03599182191199901, 0.035992519080998875, 0.030966286510000884, 0.03599347862800073, 0.03600270330199962]",1,
186,,512,186,C[C@H](C#N)C(F)(C#N)C#N.[F-],,C_C_D_C_A_B,sn2,"[0.017667225357001826, 0.01766027488299926, 0.017675699992999228, 0.01766870191600134, 0.017646274556000208]",1,
187,,513,187,C[C@@](Cl)(C#N)CC#N.[F-],,D_C_C_A_B_B,sn2,"[0.010807626121998481, 0.010816750697998145, 0.010792768053999424, 0.010812346207998758, 0.010804568001997694, 0.010807020277997736]",1,
188,,514,188,CC[C@@](N)(F)C[N-2].[H+],,C_E_A_D_A_A,sn2,"[0.02370239666199936, 0.02229373236099974, 0.02373084045099816, 0.023698121487001345]",1,
189,,515,189,C[C@@H](C#N)[C@@H](Br)C#N.[F-],,C_A_C_D_C_B,sn2,"[-0.006575881143000117, -0.006678968130000129]",1,
190,,516,190,C[C@H](C#N)[C@H](N)F.[F-],,E_A_D_C_A_B,sn2,"[0.03885110790900015, 0.03881441600000102, 0.038851892823998924]",1,
191,,517,191,CCC(Cl)(C#N)C#N.[Br-],,C_C_D_A_B_D,sn2,"[0.0033748969980003096, 0.0036588972869999736, 0.0035270335819994614, 0.0036134726510006487, 0.003657916196999622]",1,
192,,518,192,CC(C)(Cl)[C@@H](N)[N+](=O)[O-].[F-],,D_D_B_E_B_B,sn2,"[0.033043926129003864, 0.03308631255400485, 0.03316712374900277, 0.03308690975099893]",1,
193,,519,193,C[C@@H](N)[C@@](C)(F)C[N-2].[H+],,C_D_E_D_A_A,sn2,"[0.026248049066001755, 0.02731007794400142, 0.026183218721001822, 0.02727363944600114, 0.02626443924799915, 0.026277221204999535]",1,
194,,520,194,CC(C)(Cl)[C@@H](N)C#N.[Cl-],,D_D_C_E_B_C,sn2,"[0.051290989111997476, 0.052435315693998064, 0.05095551842600088, 0.052428298016998554]",1,
195,,521,195,C[C@H](C#N)[C@H](N)Br.[F-],,E_A_D_C_C_B,sn2,"[0.008729351691997067, 0.010492220497997806, 0.010531634032997061]",1,
196,,522,196,CC[C@@](F)(C#N)[N+](=O)[O-].[Cl-],,C_B_A_D_A_C,sn2,"[0.010332438456998716, 0.010355755873000305, 0.011471352553996894, 0.011528664711995873]",1,
197,,523,197,C[C@H](Cl)C([N+](=O)[O-])[N+](=O)[O-].[F-],,D_A_B_B_B_B,sn2,"[0.021409318985000425, 0.021407841086002577]",1,
198,,524,198,CC(C)(Cl)[C@H](N)N([O-])[O-].[H+],,D_D_E_B_B_A,sn2,[0.03884624489599986],1,
199,,525,199,C[C@](Br)(C#N)C(N)N.[Cl-],,C_D_E_E_C_C,sn2,"[0.03625684238599902, 0.025726299271997988, 0.036202487404001005, 0.025389322081998955]",1,
200,,526,200,N#CC[C@H](Br)[N+](=O)[O-].[F-],,A_B_C_A_C_B,sn2,"[-0.0036986119560005193, -0.0064846483170022395, -0.004040739667001247, -0.004104932911999981, -0.004502164417001353]",1,
201,,527,201,C[C@H](N)[C@](C)(F)C#N.[F-],,D_C_D_E_A_B,sn2,"[0.02837270502400102, 0.028359485283999675, 0.02836858063299985, 0.028378872265001576, 0.028350577434000712]",1,
202,,528,202,C[C@H](C#N)[C@@](C)(Br)C#N.[Cl-],,C_D_D_C_C_C,sn2,"[0.018381039004999877, 0.018398007005000494, 0.018400113009001018]",1,
203,,529,203,N#C[C@H]([N+](=O)[O-])C(N)(N)Cl.[F-],,E_E_C_B_B_B,sn2,"[0.03832618599100357, 0.03834168047499986, 0.04803378985900508, 0.03835817904000294, 0.03832302956000433]",1,
204,,530,204,N#C[C@H](N)[C@](F)(C#N)[N+](=O)[O-].[Cl-],,B_C_C_E_A_C,sn2,[0.006872949293004638],1,
205,,531,205,N#CC(C#N)[C@@H](Cl)[N+](=O)[O-].[Cl-],,B_A_C_C_B_C,sn2,"[0.01342412829599482, 0.01343044180899966]",1,
206,,532,206,C[C@H](F)[C@@H](N)C#N.[Cl-],,D_A_C_E_A_C,sn2,"[0.050526162874000136, 0.052088648437997875, 0.0521508523239973, 0.052153060940998586, 0.05213425972699781, 0.052151284712000034, 0.052141989105997766]",1,
207,,533,207,N#C[C@@H](N)[C@@H](Br)[N+](=O)[O-].[Cl-],,B_A_E_C_C_C,sn2,[0.011187751592999007],1,
208,,534,208,C[C@H](C#N)[C@](C)(F)C#N.[Cl-],,D_C_D_C_A_C,sn2,"[0.040006553246001886, 0.03999747061900294, 0.04000079183400018, 0.04000639313700205, 0.040013414831001626]",1,
209,,535,209,N#C[C@H](Br)CN.[F-],,C_A_E_A_C_B,sn2,"[-0.0003604872209983512, -0.0003494304199982423, 0.0032695788470000764, 0.003349534902000073, 0.003329500875000946, 0.003323857438001454, 0.003336644314000381]",1,
210,,536,210,C[C@@](N)(F)CC#N.[F-],,E_D_A_C_A_B,sn2,"[0.051808419463998945, 0.051804438504998274, 0.05059205958399815, 0.05180471948499843, 0.0517991478859976, 0.05180148196699719, 0.051803474346996836, 0.05058997047200009, 0.05058989341899789]",1,
211,,537,211,CC(C)(F)[C@@H](N)[N+](=O)[O-].[Br-],,D_D_B_E_A_D,sn2,"[0.059850893482995104, 0.05982752033600036, 0.059830731034999474, 0.05981211028299782, 0.05655231283699891]",1,
212,,538,212,C[C@H](N)[C@@H](F)C#N.[F-],,C_A_D_E_A_B,sn2,"[0.02663666217399907, 0.022756671368000525, 0.022742641703001, 0.022806046867000163]",1,
213,,539,213,C[C@@H](N)[C@@H](Br)[N+](=O)[O-].[F-],,B_A_E_D_C_B,sn2,"[0.0035398346370030254, 0.0035787123100021745, 0.0035883855040026447, 0.0036076075270017327]",1,
214,,540,214,N#C[C@@H](N)[C@@H](Br)[N+](=O)[O-].[F-],,B_A_E_C_C_B,sn2,"[0.009026024897998752, 0.003680282933004264]",1,
215,,541,215,C[C@H](C#N)[C@@H](Br)[N+](=O)[O-].[Cl-],,B_A_D_C_C_C,sn2,"[0.007675994770004024, 0.0076345975550040635]",1,
216,,542,216,N#C[C@H](Br)CN.[Br-],,C_A_E_A_C_D,sn2,"[-0.0002541723859970091, 0.01303833657700082, 0.009306924797002125, 0.00932553578900297, 0.013050287360002244, 0.013752961370002481]",1,
217,,543,217,N[C@H](Br)C([N+](=O)[O-])[N+](=O)[O-].[F-],,E_A_B_B_C_B,sn2,"[0.030317927769999642, 0.023873043260003612, 0.02357280934200645]",1,
218,,544,218,CC(C)(Cl)[C@@H](N)C#N.[F-],,D_D_C_E_B_B,sn2,"[0.03255818468100102, 0.03255966383100173, 0.03223390670600068, 0.03222602364700222]",1,
219,,545,219,N#C[C@@H](N)[C@@H](Br)C#N.[Cl-],,C_A_E_C_C_C,sn2,"[0.014279792122998458, 0.01429362157900016]",1,
220,,546,220,C[C@H](C#N)[C@](N)(Cl)[N+](=O)[O-].[F-],,E_B_D_C_B_B,sn2,[0.005098498795994999],1,
221,,547,221,N[C@@](F)(C[N+](=O)[O-])[N+](=O)[O-].[F-],,B_E_A_B_A_B,sn2,"[0.023101516551001566, 0.0227726280930014, 0.023101215411003295, 0.023187484616997267]",1,
222,,548,222,C[C@@H](N)[C@](N)(Cl)[N+](=O)[O-].[F-],,E_B_E_D_B_B,sn2,[0.03531581528699945],1,
223,,549,223,C[C@H](N)[C@](C)(Cl)C#N.[Cl-],,D_C_D_E_B_C,sn2,"[0.03362208677400247, 0.03364192552400169, 0.033655893766002976, 0.03364969695700282, 0.03364125310000077, 0.033457265607999886]",1,
224,,550,224,C[C@H](N)[C@](C)(F)C[N-2].[H+],,D_C_D_E_A_A,sn2,"[0.02291342701400012, 0.022979438883997005, 0.02400713445199898, 0.022916546975999097, 0.023008989496997145, 0.02401240812099914, 0.022959178168999728]",1,
225,,551,225,C[C@@H]([C@H](Br)C#N)[N+](=O)[O-].[F-],,A_C_D_B_C_B,sn2,"[-0.0044407447470007355, -0.00448345395999894, -0.004500373407999803, -0.004465567476998444]",1,
226,,552,226,N#CC[C@](N)(F)C#N.[F-],,E_C_C_A_A_B,sn2,"[0.0325716093870021, 0.028387163830000617, 0.029334858236001793, 0.03257039397400163, 0.02951160002499975, 0.028384972928002128]",1,
227,,553,227,N#CC(Br)(C#N)CN.[Cl-],,C_C_A_E_C_C,sn2,"[-0.006021514633999914, -0.0059773735460026955, -0.005978117608002265, -0.006016196776002403]",1,
228,,554,228,N#C[C@H](N)[C@@](N)(F)C#N.[Cl-],,C_E_C_E_A_C,sn2,"[0.04524094424299818, 0.0426190429770017, 0.042621474634998435]",1,
229,,555,229,N#CC[C@](F)(C#N)[N+](=O)[O-].[F-],,B_C_C_A_A_B,sn2,"[0.01707165952100098, 0.017087791804001995, 0.01706944638100083, 0.015211214144997598, 0.017143965309998066, 0.017140818034000915, 0.017056984889997295, 0.017137640421999834]",1,
230,,556,230,C[C@H](Br)[C@@H](N)C#N.[Cl-],,D_A_C_E_C_C,sn2,[0.025209596310002524],1,
231,,557,231,C[C@@](Cl)(C#N)CC#N.[Cl-],,D_C_C_A_B_C,sn2,"[0.027785867123000685, 0.02777357035999728]",1,
232,,558,232,C[C@@H](N([O-])[O-])[C@@](C)(N)F.[H+],,D_E_B_D_A_A,sn2,"[0.06470816949900637, 0.06462654011500035, 0.06466883087000497, 0.0527870351819999]",1,
233,,559,233,C[C@](Cl)(C#N)C(N)N.[Br-],,C_D_E_E_B_D,sn2,"[0.03626878664499955, 0.036315139650000106, 0.045436733569001575, 0.03632730480299884, 0.03633211086999921]",1,
234,,560,234,N#CC[C@H](Br)C#N.[F-],,A_C_C_A_C_B,sn2,[-0.007428242937997709],1,
235,,561,235,CC(C)(F)[C@H](N)[N+](=O)[O-].[Cl-],,D_D_E_B_A_C,sn2,"[0.05706318436800473, 0.057474288935999596, 0.05699365269000367, 0.05747692271600613]",1,
236,,562,236,N[C@H](Cl)[C@H](N)N([O-])[O-].[H+],,E_A_E_B_B_A,sn2,[0.03217719330099911],1,
237,,563,237,N[C@H](Cl)C([N+](=O)[O-])[N+](=O)[O-].[F-],,E_A_B_B_B_B,sn2,"[0.032561981330005096, 0.03275357333000528]",1,
238,,564,238,N#CC[C@H](Br)[N+](=O)[O-].[Br-],,A_B_C_A_C_D,sn2,[0.008794684615001103],1,
239,,565,239,C[C@H]([C@H](Cl)[N+](=O)[O-])[N+](=O)[O-].[F-],,A_B_B_D_B_B,sn2,[0.009700274060001846],1,
240,,566,240,C[C@@H](Br)C(N)N.[Cl-],,A_D_E_E_C_C,sn2,"[0.044456290619002914, 0.03304569332600238, 0.038684642111000755, 0.03415357313400236, 0.03553242519200239, 0.039723912269000294]",1,
241,,567,241,N#CC[C@](N)(Cl)C#N.[Br-],,E_C_C_A_B_D,sn2,[0.027838280640001045],1,
242,,568,242,N#C[C@H](N)[C@@H](Cl)C#N.[F-],,C_A_C_E_B_B,sn2,"[0.007291229620001616, 0.007274525913999241, 0.007270823382999225, 0.0072568494599991595, 0.004843125082999222]",1,
243,,569,243,N[C@@](F)(C[N+](=O)[O-])[N+](=O)[O-].[Cl-],,B_E_A_B_A_C,sn2,"[0.0429660086689978, 0.04288915370300117, 0.04310729930200097, 0.04306591455599573, 0.04294340510799799, 0.0412422573510014]",1,
244,,570,244,CC(C)[C@@](N)(F)C[N-2].[H+],,C_E_D_D_A_A,sn2,"[0.02577650532699849, 0.02571922378499991, 0.025742968500999552, 0.02574472359199831, 0.025752055848997202, 0.025782496144000078]",1,
245,,571,245,N#CC[C@@H](Cl)[N+](=O)[O-].[Cl-],,B_A_A_C_B_C,sn2,"[0.019776626258000363, 0.016289232283000388, 0.01977433222100089, 0.016260672693999112, 0.019787351639998008, 0.01972266786199839]",1,
246,,572,246,N#CC(F)(C#N)CN.[F-],,C_C_A_E_A_B,sn2,"[0.02294728537800239, 0.015577018169999235, 0.015603997928000268, 0.0229534495290018, 0.022950391647000856, 0.022950318500001288, 0.015581176926001916, 0.01560465505900055, 0.022955073522002323]",1,
247,,573,247,NC[C@H](Cl)[N+](=O)[O-].[F-],,A_B_E_A_B_B,sn2,"[0.0022549434380003675, -0.004396754923000401, 0.001968938391001984, 0.0019674303640009327, 0.002026785714001278]",1,
248,,574,248,N#C[C@H](N)[C@H](N)Cl.[F-],,E_A_C_E_B_B,sn2,"[0.020145841968002287, 0.02012267074299956, 0.020103557428001295, 0.01970774894500238, 0.020236102398001776]",1,
249,,575,249,C[C@H](N)[C@@H](Cl)N([O-])[O-].[H+],,B_A_D_E_B_A,sn2,"[-0.004413217844000172, -0.004441065466000538, -0.0033215103849997263, -0.00774600396900027]",1,
250,,576,250,N#C[C@@H](Cl)C(N)N.[Br-],,A_C_E_E_B_D,sn2,"[0.0206704616909974, 0.01104624715799929, 0.01105269152299826, 0.011058176115000151, 0.02065970821499974, 0.013901720041999965]",1,
251,,577,251,C[C@@](F)(CC#N)[N+](=O)[O-].[Cl-],,B_D_C_A_A_C,sn2,"[0.03153456542899846, 0.031531525830999385, 0.03153473436699983, 0.031537456606997694, 0.031544333512997014, 0.031469043511002326]",1,
252,,578,252,O=[N+]([O-])C[C@H](Cl)[N+](=O)[O-].[Cl-],,A_B_A_B_B_C,sn2,"[0.012130840884999827, 0.012141705040001227, 0.012130469068999616, 0.012134658823001132, 0.012135737156995674, 0.012133626143999265, 0.01213439131799987]",1,
253,,579,253,N#CC[C@@](N)(Br)C#N.[F-],,C_E_A_C_C_B,sn2,[0.005301533629999966],1,
254,,580,254,C[C@H](N)[C@](N)(F)C[N-2].[H+],,E_C_D_E_A_A,sn2,"[0.03757876690000117, 0.03755001376599765, 0.034790408202997725]",1,
255,,581,255,N[C@@H](Cl)[C@H](N)N([O-])[O-].[H+],,A_E_E_B_B_A,sn2,"[0.02913150048400226, 0.01986503797700223, 0.02590398507999936]",1,
256,,582,256,C[C@](F)(C#N)[C@@H](N)C#N.[F-],,C_D_C_E_A_B,sn2,"[0.02688033896999542, 0.021614242599000022, 0.02160382622199819, 0.026726566231999982]",1,
257,,583,257,C[C@@H](Cl)C([N+](=O)[O-])[N+](=O)[O-].[F-],,A_D_B_B_B_B,sn2,"[0.014250791503997107, 0.014257633394997526, 0.014259828112997752, 0.014260164958997734]",1,
258,,584,258,[H+].[N-2]C[C@H](N)[C@H](N)Cl,,E_A_C_E_B_A,sn2,"[0.03195312727500266, 0.031906974131000965, 0.031888257670999565, 0.0284911283060012, 0.03182548128700091]",1,
259,,585,259,N#C[C@H](N)[C@@](N)(F)[N+](=O)[O-].[Cl-],,B_E_C_E_A_C,sn2,"[0.03734400214199951, 0.04243483254899871]",1,
260,,586,260,N#C[C@H](N)[C@@H](F)[N+](=O)[O-].[F-],,B_A_C_E_A_B,sn2,"[0.012593669129003615, 0.017494371939001496, 0.025974592147001374, 0.0219169724050019, 0.02602698246900559, 0.012598545994002563]",1,
261,,587,261,CC(C)[C@@](N)(F)C#N.[F-],,C_E_D_D_A_B,sn2,"[0.03314202118999887, 0.03320070108100026, 0.03313514158799791, 0.03320261526300072, 0.03316026735100053, 0.03319370509899855]",1,
262,,588,262,N#CC(C#N)[C@@H](N)F.[Cl-],,A_E_C_C_A_C,sn2,"[0.05742587481499939, 0.040364701552999094, 0.05742615124500006, 0.05742020086400146, 0.05739452944500201, 0.057375439666000005, 0.057390226917000575, 0.05738056517100176]",1,
263,,589,263,N#C[C@@](N)(Br)C(N)N.[F-],,E_C_E_E_C_B,sn2,[0.021051356659999243],1,
264,,590,264,C[C@](N)(F)[C@@H](N)N([O-])[O-].[H+],,D_E_B_E_A_A,sn2,"[0.06546928243999872, 0.0575306236530011, 0.05746338019199726, 0.065391108930001, 0.0575250432509975, 0.06537533260999595, None]",1,
265,,591,265,C[C@@H](F)[C@@H](N)C#N.[Cl-],,A_D_C_E_A_C,sn2,"[0.05362750964599883, 0.05279180233799963, 0.052787491697998234, 0.05363154920300062, 0.052788256526000055, 0.05159936084200112, 0.055316610161998625]",1,
266,,592,266,N#C[C@@H](N)[C@@H](Cl)C#N.[Cl-],,C_A_E_C_B_C,sn2,"[0.031494748181000176, 0.03150874100999701, 0.027160244913996934, 0.027122354827000095]",1,
267,,593,267,C[C@](Br)(C#N)C(N)N.[F-],,C_D_E_E_C_B,sn2,"[0.018585927252999568, 0.018827423132002252, 0.01862755714300235]",1,
268,,594,268,C[C@@](Cl)(C#N)CN.[Cl-],,D_C_E_A_B_C,sn2,"[0.03213946501299958, 0.03635166796599876, 0.03635636268399978, 0.03214260165000127, 0.0321418818930006]",1,
269,,595,269,C[C@@](F)(C#N)CN.[Br-],,D_C_E_A_A_D,sn2,"[0.035382481123999554, 0.03912387189700084, 0.038804653231000685, 0.035402952415001465]",1,
270,,596,270,CC[C@](N)(F)C#N.[Br-],,E_C_D_A_A_D,sn2,"[0.04278119849299955, 0.04280987617799781, 0.042596759993998035, 0.04262440123999767, 0.04281140416500051, 0.04278493914399917]",1,
271,,597,271,N#C[C@H](F)[C@@H](N)[N+](=O)[O-].[F-],,C_A_B_E_A_B,sn2,"[0.012971398905001763, 0.012959247894002601, 0.012952478102000953, 0.01296130020600117, 0.0129880024470026]",1,
272,,598,272,C[C@@H](F)[C@@H](N)C#N.[F-],,A_D_C_E_A_B,sn2,"[0.03189108336099977, 0.031022779455998517, 0.02603398012799829, 0.031029921765998836, 0.03186119702399992, 0.031036894486998534, 0.031032852930000132, 0.03188250278899929, 0.03105093701699957]",1,
273,,599,273,C[C@@H](Cl)[C@@H](C#N)[N+](=O)[O-].[F-],,A_D_B_C_B_B,sn2,"[0.014701310172000603, 0.014707932593005069, 0.014708247175001077, 0.01470006447400607]",1,
274,,600,274,C[C@@H](N)[C@H](Br)C#N.[Cl-],,A_C_E_D_C_C,sn2,"[0.02098511306700246, 0.020214207068999457, 0.020974668322001122]",1,
275,,601,275,N#CC[C@](N)(Br)[N+](=O)[O-].[F-],,E_B_C_A_C_B,sn2,"[0.001393339690004325, 0.0014089446210050482]",1,
276,,602,276,NC[C@@H](F)[N+](=O)[O-].[F-],,B_A_E_A_A_B,sn2,"[0.02412659283000096, 0.01791589835800167, 0.025396530478001722, 0.017901258718001856, 0.024092590605000908, 0.017893029243001735, 0.01792822530300242, 0.019913372257001072]",1,
277,,603,277,C[C@@H](N)[C@@](C)(F)N([O-])[O-].[H+],,B_D_E_D_A_A,sn2,"[0.003978988563993369, None, 0.0005698948929975245]",1,
278,,604,278,C[C@H](N)[C@@](N)(F)C#N.[Cl-],,C_E_D_E_A_C,sn2,"[0.04076537177799722, 0.04867827937599856, 0.05657267991099957, 0.04602531898999729]",1,
279,,605,279,C[C@](Br)(C#N)[C@H](N)C#N.[F-],,C_D_E_C_C_B,sn2,"[0.010432877551998843, 0.010482509553000341, 0.010409668116999171]",1,
280,,606,280,C[C@H](C#N)[C@](N)(F)C#N.[F-],,E_C_D_C_A_B,sn2,"[0.02919683950700147, 0.02919723753699799, 0.02922021049700163]",1,
281,,607,281,NC[C@](N)(F)[N+](=O)[O-].[F-],,E_B_A_E_A_B,sn2,"[0.024084744408000347, 0.024098482901003138, 0.02409718075200118, None]",1,
282,,608,282,CC(C)(Br)C(C#N)C#N.[Cl-],,D_D_C_C_C_C,sn2,"[0.04484016795599999, 0.044834992452997824, 0.044840276268999446, 0.044834181372998216]",1,
283,,609,283,C[C@@H](N)[C@@](C)(Cl)[N+](=O)[O-].[Cl-],,B_D_E_D_B_C,sn2,"[0.035767483234998565, 0.03565069853899416, 0.03566345263299553, 0.03577398513599661]",1,
284,,610,284,N#CC(C#N)[C@@H](N)Cl.[F-],,A_E_C_C_B_B,sn2,"[0.0030491487830026642, 0.003054888191002192]",1,
285,,611,285,N#C[C@H]([N+](=O)[O-])C(N)(N)F.[F-],,E_E_C_B_A_B,sn2,"[0.05910375960900183, 0.05525806213400131, 0.05013690659999526, 0.050158629597000015]",1,
286,,612,286,CCC(F)(C#N)C#N.[F-],,C_C_D_A_A_B,sn2,"[0.016697172749999822, 0.01674840309399883, 0.016688498518000472, 0.016690006284999725, 0.016706725571999925, 0.01669717430199924, 0.016693692646001068, 0.016694156071000776]",1,
287,,613,287,N#C[C@@H](N)[C@@H](Cl)C#N.[Br-],,C_A_E_C_B_D,sn2,"[0.024420617518000398, 0.024390364666999176, 0.024403993949000835]",1,
288,,614,288,CC[C@](Cl)(C#N)[N+](=O)[O-].[F-],,B_C_D_A_B_B,sn2,"[0.0042714664100032, 0.004371231488001115, 0.004338096965000204, 0.004336765797006592]",1,
289,,615,289,N[C@H]([C@@H](F)[N+](=O)[O-])[N+](=O)[O-].[Cl-],,B_A_B_E_A_C,sn2,"[0.02353091434500243, 0.028614960315003657, 0.022317174213000612, 0.02864214433500223]",1,
290,,616,290,C[C@H]([C@@H](N)F)[N+](=O)[O-].[F-],,A_E_B_D_A_B,sn2,"[0.040452358766998486, 0.04040692392599965, 0.03044653239499695, 0.030476826136002444, 0.04047562167600205]",1,
291,,617,291,CCC(F)(C#N)C#N.[Cl-],,C_C_D_A_A_C,sn2,"[0.016890387172001198, 0.016949427729002764, 0.01687443667699995, 0.01688138460700017, 0.017001912811000608, 0.01700666114000171, 0.0169137799829997, 0.017050401387002978]",1,
292,,618,292,C[C@@H]([N+](=O)[O-])C(N)(N)F.[F-],,E_E_B_D_A_B,sn2,"[0.05420585247600229, 0.05424072214800191]",1,
293,,619,293,N#C[C@H](Br)CN.[F-],,C_A_A_E_C_B,sn2,"[0.0026527957080020315, 0.0035897482480002907, 0.003578606594000888, 0.003578063257002384, 0.003607085881000671, 0.0072804357480009685, 0.0085298169500021]",1,
294,,620,294,C[C@H]([C@@H](N)F)N([O-])[O-].[H+],,A_E_B_D_A_A,sn2,"[0.04688646460499868, 0.0342589981269974, None, None]",1,
295,,621,295,C[C@@H](C#N)[C@](Cl)(C#N)[N+](=O)[O-].[Cl-],,B_C_C_D_B_C,sn2,[-3.616564699626679e-05],1,
296,,622,296,N#CC(C#N)[C@H](Br)C#N.[Cl-],,A_C_C_C_C_C,sn2,"[0.00971299437100015, 0.009720105351998853, 0.009715793178997956, 0.009716181857999828, 0.009720399854000306, 0.00966084451599869]",1,
297,,623,297,N#C[C@](N)(F)C[N+](=O)[O-].[F-],,C_E_B_A_A_B,sn2,"[0.03304728494200049, 0.033130704910000475, 0.03306682187499632, 0.03440712904299659, 0.033074897368997824, 0.034427760573997546]",1,
298,,624,298,C[C@H](N([O-])[O-])[C@](N)(F)C#N.[H+],,E_C_D_B_A_A,sn2,"[0.024621023491000926, 0.024585670932999903]",1,
299,,625,299,C[C@](F)(C#N)[C@@H](N)C#N.[Cl-],,C_D_C_E_A_C,sn2,"[0.0423680314479995, 0.03858257029999734]",1,
300,,626,300,C[C@](F)(C#N)C(N)N.[F-],,C_D_E_E_A_B,sn2,"[0.022272999319000064, 0.03162168875699933, 0.03309107467899963, 0.033076964597000824]",1,
301,,627,301,C[C@@](F)(CC#N)[N+](=O)[O-].[F-],,B_D_C_A_A_B,sn2,"[0.01629839139599909, 0.0162904465609941, 0.016303944800000636, 0.016290713756994535, 0.016304621022996457, 0.016292617115993835, 0.01629245963899706]",1,
302,,628,302,C[C@@H](N)[C@@](C)(Br)N([O-])[O-].[H+],,B_D_E_D_C_A,sn2,"[-0.008813458548001307, -0.018947644583001022, -0.00804951556600031]",1,
303,,629,303,C[C@H](N)[C@](C)(F)C#N.[Cl-],,D_C_D_E_A_C,sn2,"[0.04547702380200036, 0.04596916411900054, 0.04588976545400314, 0.045478390978001215]",1,
304,,630,304,CC(C)(Br)C(N)N.[F-],,D_D_E_E_C_B,sn2,"[0.02848592134700212, 0.028346515579002585, 0.027276503721999745, 0.028278760112002033, 0.028329810421002577, 0.02848432180800131, 0.027281125023002062, 0.027283313735001258, 0.03305707954800141]",1,
305,,631,305,C[C@@H](N([O-])[O-])C(N)(N)F.[H+],,E_E_B_D_A_A,sn2,"[0.057779532259004895, 0.06162817198499937, 0.06163090720000497, 0.054426856716006]",1,
306,,632,306,C[C@H](N)[C@@](C)(Br)N([O-])[O-].[H+],,B_D_D_E_C_A,sn2,"[-0.012166100206002284, -0.010003274774000204, -0.012094609611001061]",1,
307,,633,307,N[C@@H](Cl)[C@@H](N)N([O-])[O-].[H+],,A_E_B_E_B_A,sn2,"[0.02826084623400149, 0.028274024182998403, 0.030621212010000676]",1,
308,,634,308,N#C[C@](N)(Cl)C[N+](=O)[O-].[F-],,C_E_B_A_B_B,sn2,[0.02389288682899604],1,
309,,635,309,CC(C)(F)[C@@H](N)N([O-])[O-].[H+],,D_D_B_E_A_A,sn2,"[0.044885046650001925, 0.04486061326399948]",1,
310,,636,310,N#C[C@](Cl)(CN)[N+](=O)[O-].[Cl-],,C_B_A_E_B_C,sn2,"[0.007647877178996509, 0.004728938625000012, 0.004738024185996892, 0.007608770318000779, 0.004725616158999912, 0.0047456040979980685, 0.007600688122998633, 0.006133694969996384]",1,
311,,637,311,C[C@@H]([C@H](Br)C#N)[N+](=O)[O-].[Cl-],,A_C_D_B_C_C,sn2,"[0.0077338453450011, 0.007745267469999817, 0.007748387897997588]",1,
312,,638,312,N#C[C@@H](N)[C@](N)(Cl)C#N.[F-],,E_C_E_C_B_B,sn2,"[0.02101616508500115, 0.020721985624000183, 0.021051230083003247, 0.020917672640003104, 0.021046482009005274]",1,
313,,639,313,N#C[C@H](N)[C@@H](F)N([O-])[O-].[H+],,B_A_C_E_A_A,sn2,"[0.0038273576370002615, 0.003763537516000781]",1,
314,,640,314,N#CC[C@@](N)(Br)C#N.[Br-],,C_E_A_C_C_D,sn2,"[0.018387054415001103, 0.022574350906001683]",1,
315,,641,315,NC[C@@H](Br)[N+](=O)[O-].[Cl-],,B_A_E_A_C_C,sn2,"[0.011827980037999453, 0.008058893611998741, 0.01184895995699975, 0.011822221243001252, 0.008056943286998575, 0.00803445224699928]",1,
316,,642,316,C[C@@H](C#N)[C@](Cl)(C#N)[N+](=O)[O-].[F-],,B_C_C_D_B_B,sn2,[0.007717559414999187],1,
317,,643,317,N#C[C@@H](Cl)C[N+](=O)[O-].[Br-],,A_C_A_B_B_D,sn2,"[0.01806833828300114, 0.018071757103001573, 0.018076248549000695, 0.018058655768001586, 0.018071453720999386]",1,
318,,644,318,N#CC[C@](N)(F)C#N.[Cl-],,E_C_C_A_A_C,sn2,"[0.04517269760900078, 0.04365289616500334, 0.04302070988500262, 0.043014313604000876, 0.04365226425200319, 0.04364414446800069]",1,
319,,645,319,C[C@@](N)(F)C[N+](=O)[O-].[F-],,E_D_B_A_A_B,sn2,"[0.05122938112499753, 0.05121954775899695, 0.051281830419000585, 0.05128000790999465, 0.051283226145997673, 0.0488369396279964, 0.047074655473998916, 0.051201318783000715, 0.05126832524999969]",1,
320,,646,320,C[C@@](Cl)([C@H](N)C#N)[N+](=O)[O-].[Cl-],,B_D_E_C_B_C,sn2,"[0.028881881296001666, 0.02887276172700126, 0.028865409193002733, 0.02887903391400215]",1,
321,,647,321,N#C[C@](N)(F)CN.[F-],,C_E_A_E_A_B,sn2,"[0.03778004341899788, 0.037608354556997625, 0.03600736451999964, 0.040662677233999744, 0.040659225967999646, 0.04075150379799908]",1,
322,,648,322,C[C@H](C#N)[C@](C)(N)F.[F-],,E_D_D_C_A_B,sn2,"[0.05185474717099936, 0.0489395795130001, 0.04892028583200059, 0.05185847249800091]",1,
323,,649,323,N#C[C@@H]([C@H](N)F)[N+](=O)[O-].[F-],,E_A_C_B_A_B,sn2,"[0.03310299621800539, 0.033095649168004115]",1,
324,,650,324,C[C@H](Br)[C@@H](N)[N+](=O)[O-].[F-],,D_A_B_E_C_B,sn2,[0.00825638583599897],1,
325,,651,325,C[C@](Cl)(C#N)C(N)N.[Cl-],,C_D_E_E_B_C,sn2,"[0.04900126032200092, 0.0480719694870011, 0.048042906279000874, 0.04896861153100218, 0.04896061097199933, 0.04809503264300119]",1,
