,uid,reaction_idx,substrates,products,reaction_labels,reaction_types,conformer_energies,simulation_idx
0,0,0,C[C@H](N)[C@](C)(Cl)C#N.[F-],,D_C_D_E_B_B,sn2,"[0.01872267 0.01210822 0.01873426 0.01212459 0.01214004 0.00990654
 0.00805077 0.00805773 0.01900007 0.02504704 0.02502641 0.02502179
 0.02502117 0.02502603]",0
1,1,1,C[C@@](N)(F)[C@H](C#N)[N+](=O)[O-].[F-],,E_D_C_B_A_B,sn2,[0.06383752 0.06387175],0
2,2,2,C[C@H](C#N)[C@](C)(F)C#N.[F-],,D_C_D_C_A_B,sn2,[0.03669952 0.03671173 0.03671302 0.03668725],0
3,3,3,C[C@@H](Cl)[C@@H](N)N([O-])[O-].[H+],,A_D_B_E_B_A,sn2,"[ 0.00365906  0.00510115  0.00633975  0.00567332 -0.00028496  0.00365464
  0.00566835  0.00364387  0.00566903  0.00366994  0.00364165  0.00569068
  0.00571514  0.00573961  0.0057419   0.00571096  0.00569025]",0
4,4,4,CC[C@](F)(C#N)[N+](=O)[O-].[F-],,B_C_A_D_A_B,sn2,"[0.02450077 0.02452019 0.02455231 0.02165039 0.02454649 0.02454371
 0.02454719 0.02454258 0.02454196]",0
5,5,5,N#C[C@@H](N)[C@@](N)(F)N([O-])[O-].[H+],,B_E_E_C_A_A,sn2,[0.03288129 0.02418793 0.03445314],0
6,6,6,C[C@](N)(F)CN([O-])[O-].[H+],,D_E_B_A_A_A,sn2,[0.04964891 0.04903587 0.04964816],0
7,7,7,C[C@@](N)(Cl)C(C#N)C#N.[F-],,E_D_C_C_B_B,sn2,[0.04810889 0.04810645 0.05054891 0.02867759 0.05054819],0
8,8,8,C[C@H](C#N)[C@H](N)F.[Br-],,E_A_D_C_A_D,sn2,[0.08196887 0.08027847 0.08197241 0.08196988],0
9,9,9,N#CC(C#N)C(N)(N)F.[Cl-],,E_E_C_C_A_C,sn2,[0.09060058 0.09059675 0.09061901 0.09061742],0
10,10,10,C[C@H](C#N)[C@H](N)F.[Cl-],,E_A_D_C_A_C,sn2,[0.07369369 0.07537081 0.07537378 0.07537222],0
11,11,11,O=[N+]([O-])C[C@@H](F)[N+](=O)[O-].[Cl-],,B_A_B_A_A_C,sn2,"[0.05568183 0.05568783 0.05569168 0.05568361 0.05567733 0.05568487
 0.05567601]",0
12,12,12,N[C@@H](F)C[N+](=O)[O-].[F-],,A_E_B_A_A_B,sn2,[0.05369037 0.05062416 0.05533501 0.0553374  0.0553345  0.05063152],0
13,13,13,N#CC[C@@H](N)Cl.[F-],,A_E_A_C_B_B,sn2,"[ 0.01256767  0.01080206 -0.01103363 -0.00399138  0.0108124   0.00899188
  0.01255794  0.01258389  0.01260747  0.01089103  0.00964789  0.01089285
  0.00964009  0.00966612]",0
14,14,14,NC(N)(F)[C@@H](N([O-])[O-])[N+](=O)[O-].[H+],,E_E_B_B_A_A,sn2,[0.04409807],0
15,15,15,N[C@@H](F)[C@@H](N)N([O-])[O-].[H+],,A_E_B_E_A_A,sn2,[0.0515609  0.03860324 0.04344862 0.05539743 0.04244588],0
16,16,16,C[C@H](Br)[C@@H](N)C#N.[F-],,D_A_C_E_C_B,sn2,"[-0.01407217  0.00098235  0.00096504  0.0009689   0.00097485 -0.01176664
 -0.01407737 -0.01176153  0.006904   -0.0117612  -0.01183344  0.00247642
  0.00097292  0.00368227]",0
17,17,17,N#C[C@@H]([C@@H](N)F)[N+](=O)[O-].[Cl-],,A_E_C_B_A_C,sn2,[0.07329319 0.07344312 0.07343453 0.07344568],0
18,18,18,N#CC[C@H](F)[N+](=O)[O-].[Cl-],,A_B_C_A_A_C,sn2,"[0.06396721 0.06396468 0.06396323 0.06395976 0.06396213 0.06396718
 0.06396247]",0
19,19,19,N[C@@H](Cl)[C@H](N)[N+](=O)[O-].[F-],,A_E_E_B_B_B,sn2,[0.031874   0.03956899 0.03961892 0.03607009 0.03958027],0
20,20,20,N#C[C@@H](CF)[N+](=O)[O-].[F-],,A_A_C_B_A_B,sn2,"[0.02664994 0.02664692 0.02322654 0.02664795 0.02323438 0.026649
 0.02665285 0.02665405]",0
21,21,21,N#C[C@](N)(F)[C@@H](N)[N+](=O)[O-].[Cl-],,C_E_B_E_A_C,sn2,[0.07005543 0.07005823 0.07005131],0
22,22,22,N[C@@H](F)[C@@H](N)[N+](=O)[O-].[F-],,A_E_B_E_A_B,sn2,[0.05974648 0.05973454 0.05760238 0.064392  ],0
23,23,23,C[C@H](N)[C@H](F)C#N.[F-],,A_C_D_E_A_B,sn2,[0.04605415 0.04604221 0.04605417 0.04551425 0.04543671 0.04605704],0
24,24,24,N#CC[C@@H](Br)[N+](=O)[O-].[Br-],,B_A_C_A_C_D,sn2,[0.03482491 0.03785967 0.03482972 0.03483076 0.03483276 0.03482484],0
25,25,25,N#CC[C@H](Br)[N+](=O)[O-].[Cl-],,A_B_C_A_C_C,sn2,[0.03477169 0.03477241 0.03477138 0.03478173],0
26,26,26,N#C[C@@H](Cl)C(N)N.[Cl-],,A_C_E_E_B_C,sn2,[0.05278318 0.05328586 0.05931501 0.05328206 0.05834666 0.05931681],0
27,27,27,N#C[C@](N)(F)C(N)N.[F-],,C_E_E_E_A_B,sn2,[0.03745413 0.05952535],0
28,28,28,CC(C)(F)C(N)N.[Br-],,D_D_E_E_A_D,sn2,"[0.09937028 0.10027396 0.10029495 0.09355492 0.10027838 0.09617292
 0.09610522 0.09478151 0.09478168 0.0918605  0.10003674 0.1002839
 0.09537198 0.0953726  0.09478234 0.09394602]",0
29,29,29,C[C@H](C#N)[C@@](C)(Cl)C#N.[Cl-],,C_D_D_C_B_C,sn2,[0.05378876 0.05378903 0.05378822],0
30,30,30,N#CC(C#N)[C@@H](Cl)[N+](=O)[O-].[F-],,B_A_C_C_B_B,sn2,[0.00493631 0.00856329],0
31,31,31,N#C[C@@H](Cl)C(N)N.[F-],,A_C_E_E_B_B,sn2,"[0.02288525 0.02547042 0.02546381 0.02469865 0.02848926 0.02679228
 0.02644456 0.02472299 0.02644316 0.02472016 0.02677479 0.02288452
 0.02643991 0.03311727 0.02551233 0.03311343 0.03311573 0.03312077
 0.0362984 ]",0
32,32,32,C[C@@H](Br)C(C#N)C#N.[Cl-],,A_D_C_C_C_C,sn2,[0.03988157 0.03987938 0.03987838 0.0398763  0.03987598 0.03987839],0
33,33,33,C[C@@H]([C@@H](F)C#N)[N+](=O)[O-].[Cl-],,C_A_D_B_A_C,sn2,[0.06209217 0.06209247 0.06209278],0
34,34,34,[H+].[N-2]C[C@](N)(F)CN,,C_E_A_E_A_A,sn2,"[0.02425486 0.02805418 0.02805251 0.03447456 0.02805446 0.03437777
 0.02425416 0.02804877 0.02804511]",0
35,35,35,C[C@@H]([C@@H](F)C#N)[N+](=O)[O-].[F-],,C_A_D_B_A_B,sn2,[0.03258096 0.03259231],0
36,36,36,N#CC[C@H](Cl)[N+](=O)[O-].[F-],,A_B_A_C_B_B,sn2,"[0.01264827 0.01265313 0.01262935 0.01266181 0.01263536 0.01267529
 0.01267212]",0
37,37,37,N#CC[C@@H](Cl)C#N.[Br-],,C_A_C_A_B_D,sn2,"[0.03907504 0.0390763  0.0430175  0.03907585 0.03907535 0.04302784
 0.04301797]",0
38,38,38,N#C[C@@H](N)[C@@H](Br)C#N.[F-],,C_A_E_C_C_B,sn2,[0.02859653 0.02858501],0
39,39,39,N#CC[C@@](N)(Cl)C#N.[Cl-],,C_E_A_C_B_C,sn2,"[0.02317896 0.04670154 0.02318191 0.02582326 0.02062937 0.04193118
 0.04670029 0.04377995 0.04380094 0.02584838 0.04523808 0.02609836
 0.0452818  0.04193472 0.04377006 0.04194912 0.04193806 0.04194108]",0
40,40,40,N#CC(C#N)[C@@](N)(F)C#N.[Cl-],,C_E_C_C_A_C,sn2,[0.07599042 0.07599058 0.07500069 0.07597499 0.05599731 0.05603334],0
41,41,41,C[C@](F)(C[N-2])C(N)N.[H+],,C_D_E_E_A_A,sn2,"[0.0211363  0.01927787 0.02112505 0.02212255 0.01951015 0.01948274
 0.02112587 0.02214204 0.01163609 0.02037581 0.01034726]",0
42,42,42,C[C@@H](C[N-2])[C@](C)(N)F.[H+],,E_D_C_D_A_A,sn2,"[ 0.00596098 -0.007782    0.00595525 -0.00574169  0.00596539 -0.01255157
 -0.01238767  0.00448897 -0.0077767  -0.01240635  0.00606286  0.00606383
  0.00606248  0.00473311  0.00473276]",0
43,43,43,N#CC(C#N)[C@](N)(F)C#N.[Cl-],,E_C_C_C_A_C,sn2,[0.07598014 0.07598084],0
44,44,44,C[C@@H](F)[C@@H](C#N)[N+](=O)[O-].[F-],,A_D_B_C_A_B,sn2,[0.02957157 0.02956727 0.02956764],0
45,45,45,N#CCC(N)(N)F.[F-],,E_E_C_A_A_B,sn2,[0.06985095 0.06985086 0.06986015 0.0698598  0.06986971 0.06986441],0
46,46,46,C[C@](Br)(C#N)C[N+](=O)[O-].[Cl-],,C_D_A_B_C_C,sn2,[0.04333429],0
47,47,47,C[C@H]([C@H](N)Cl)N([O-])[O-].[H+],,E_A_B_D_B_A,sn2,[0.02794883 0.02795461 0.0279478 ],0
48,48,48,N#CC[C@H](Cl)[N+](=O)[O-].[Cl-],,A_B_A_C_B_C,sn2,[0.03363929 0.03363898 0.03364263 0.03363727 0.03363809 0.03364   ],0
49,49,49,C[C@@](Cl)(C#N)CN.[Br-],,D_C_E_A_B_D,sn2,"[0.05568529 0.05568029 0.06385528 0.06385726 0.06223741 0.06224051
 0.05704501 0.05705536 0.05704535]",0
50,50,50,C[C@H](N)[C@](C)(F)N([O-])[O-].[H+],,D_B_D_E_A_A,sn2,"[ 0.00897601  0.00892603  0.00897694  0.0107779   0.01894952 -0.00079349
  0.01895063 -0.00079481]",0
51,51,51,C[C@](F)(CN)[N+](=O)[O-].[F-],,D_B_E_A_A_B,sn2,[0.03968114 0.03718708 0.03968244 0.04048047],0
52,52,52,C[C@@H](N)[C@H](Br)C#N.[F-],,A_C_E_D_C_B,sn2,"[0.01731194 0.01351823 0.00412066 0.01696847 0.01699186 0.03028552
 0.02315637 0.02316935 0.01351051 0.01351997 0.01697807 0.00411682
 0.03145928 0.03145196 0.02684636 0.02684589]",0
53,53,53,C[C@](N)(F)C[N+](=O)[O-].[Cl-],,D_E_A_B_A_C,sn2,[0.08916405 0.08917752 0.08918025 0.08882418 0.08917939 0.08882508],0
54,54,54,CC(C)(F)C(N)N.[Cl-],,D_D_E_E_A_C,sn2,"[0.09302634 0.093812   0.09383611 0.09383679 0.08978164 0.08978021
 0.08809274 0.08864527 0.08490484 0.08791954 0.08890521 0.08810547
 0.08800489 0.08799482]",0
55,55,55,N#C[C@](N)(F)CN([O-])[O-].[H+],,C_E_B_A_A_A,sn2,[0.02402305 0.02501726],0
56,56,56,C[C@@](N)(Br)C(C#N)C#N.[F-],,E_D_C_C_C_B,sn2,[0.02338176 0.02339462 0.04577297],0
57,57,57,N#C[C@@H](N)[C@](N)(Br)C#N.[F-],,E_C_E_C_C_B,sn2,"[ 0.00157943 -0.00668171 -0.00653538 -0.00670484  0.00163271 -0.01739578
  0.00685405  0.00163929  0.00163881  0.00244176]",0
58,58,58,CC[C@@](N)(F)C#N.[F-],,C_E_A_D_A_B,sn2,[0.0516181  0.05161867 0.04957025 0.0516102 ],0
59,59,59,C[C@@H]([N+](=O)[O-])[C@@](C)(Cl)C#N.[F-],,C_D_B_D_B_B,sn2,[0.02045925 0.02034708 0.02035374 0.02029763 0.0202948 ],0
60,60,60,C[C@@](Cl)(C#N)CC#N.[Br-],,D_C_C_A_B_D,sn2,[0.05290006 0.05289845],0
61,61,61,CC[C@@](N)(F)[N+](=O)[O-].[Br-],,B_E_D_A_A_D,sn2,[0.08616111],0
62,62,62,O=[N+]([O-])C[C@@H](F)[N+](=O)[O-].[F-],,B_A_B_A_A_B,sn2,[0.02029625 0.02030722 0.02035058 0.0203506 ],0
63,63,63,C[C@](Cl)(CC#N)[N+](=O)[O-].[Cl-],,D_B_A_C_B_C,sn2,[0.04728997],0
64,64,64,N#C[C@@H](Cl)[C@@H](C#N)[N+](=O)[O-].[Cl-],,A_C_B_C_B_C,sn2,[0.03802158 0.03801942],0
65,65,65,C[C@H](C[N-2])[C@H](N)F.[H+],,E_A_D_C_A_A,sn2,[0.04011974 0.04100493 0.0410034  0.04100321],0
66,66,66,N#C[C@@H](Cl)C[N+](=O)[O-].[Cl-],,A_C_A_B_B_C,sn2,"[0.03362242 0.03362078 0.03361732 0.03362105 0.03362011 0.03362252
 0.03362191 0.03362326]",0
67,67,67,C[C@H](N)[C@@](N)(F)C[N-2].[H+],,C_E_D_E_A_A,sn2,"[0.02764571 0.03309079 0.02239247 0.02238621 0.0331124  0.02581733
 0.02579318 0.03658779 0.03654698 0.02238977 0.03525705 0.02492166
 0.03634334 0.02768033]",0
68,68,68,O=[N+]([O-])[C@H](F)CN([O-])[O-].[H+],,B_A_B_A_A_A,sn2,[0.001415],0
69,69,69,CC(C)(Cl)[C@@H](N)C[N-2].[H+],,D_D_C_E_B_A,sn2,[0.03924688],0
70,70,70,N#CC[C@@](N)(F)[N+](=O)[O-].[Cl-],,B_E_A_C_A_C,sn2,[0.08321705 0.08321451 0.0832149  0.08321569],0
71,71,71,C[C@@H]([N+](=O)[O-])[C@@](C)(N)F.[F-],,D_E_B_D_A_B,sn2,[0.06316012 0.06686429 0.06686134 0.06686629],0
72,72,72,N#CC[C@H](Cl)[N+](=O)[O-].[Br-],,A_B_A_C_B_D,sn2,[0.04032228 0.04032243 0.04032402 0.04032151 0.0403246 ],0
73,73,73,N#CC[C@@H](Cl)[N+](=O)[O-].[F-],,B_A_A_C_B_B,sn2,[0.01529797 0.01648556],0
74,74,74,N#CC[C@@H](Cl)C#N.[Cl-],,C_A_C_A_B_C,sn2,"[0.03438729 0.03438803 0.03438595 0.03438969 0.03438826 0.03438891
 0.034386  ]",0
75,75,75,N#CC[C@@](N)(Cl)[N+](=O)[O-].[F-],,B_E_A_C_B_B,sn2,[0.03829679 0.03829956 0.03829513 0.03831906],0
76,76,76,N[C@H]([C@@H](F)[N+](=O)[O-])[N+](=O)[O-].[F-],,B_A_B_E_A_B,sn2,[0.04111719 0.02425589 0.041121   0.04112448],0
77,77,77,N#C[C@H](N)[C@@H](F)[N+](=O)[O-].[Cl-],,B_A_C_E_A_C,sn2,[0.07160543 0.0574165  0.05741708 0.07162853 0.05745304],0
78,78,78,C[C@](Cl)(C#N)[C-]([N+](=O)[O-])[N+](=O)[O-].[F-].[H+],,C_D_B_B_B_B,sn2,[0.00706408 0.00705926 0.00706179],0
79,79,79,C[C@@H](N)[C@@](C)(F)C#N.[F-],,C_D_E_D_A_B,sn2,[0.05441467 0.05274556 0.05440151 0.05274358 0.05441387],0
80,80,80,C[C@H](N)[C@H](F)C[N-2].[H+],,A_C_D_E_A_A,sn2,"[0.0132393  0.01479347 0.01322227 0.01306197 0.01479127 0.01954234
 0.01322539 0.01479418 0.01322682 0.01478883 0.01305595 0.02066556
 0.02066874 0.02066454 0.02068294 0.02068134 0.02066514]",0
81,81,81,N#C[C@@H](N([O-])[O-])C(N)(N)F.[H+],,E_E_B_C_A_A,sn2,[0.05160571 0.04580752],0
82,82,82,CCC(Cl)(C#N)C#N.[Cl-],,C_C_D_A_B_C,sn2,[0.02624917 0.02624359 0.02625113 0.02625994 0.02625949],0
83,83,83,N#C[C@@H]([N+](=O)[O-])C(N)(N)F.[F-],,E_E_B_C_A_B,sn2,[0.06907028 0.0658835  0.06938138],0
84,84,84,C[C@H](N)[C@@](N)(F)C#N.[F-],,C_E_D_E_A_B,sn2,"[0.05967585 0.05972001 0.0506461  0.05297323 0.0557021  0.05295958
 0.04168017 0.06209475 0.03153536 0.06239366 0.03917939 0.05967142
 0.06082517 0.06509643 0.06513717]",0
85,85,85,C[C@H](Cl)C(C#N)C#N.[Cl-],,D_A_C_C_B_C,sn2,[0.04675923 0.04673865 0.04675939 0.04675666 0.04675876 0.04675563],0
86,86,86,N#C[C@H](N)[C@@H](Cl)C#N.[Cl-],,C_A_C_E_B_C,sn2,"[0.03496028 0.03631907 0.03644357 0.03633812 0.03632799 0.0320046
 0.03682593 0.03495873 0.03690721 0.0496992  0.04788007 0.03496058
 0.03765342 0.0370505  0.03704835 0.03705432 0.0376614 ]",0
87,87,87,C[C@H](N)[C@@H](F)C#N.[Cl-],,C_A_D_E_A_C,sn2,[0.06094641 0.06094211 0.06841266 0.06724874],0
88,88,88,C[C@H](N)C(F)(C#N)C#N.[Cl-],,C_C_D_E_A_C,sn2,[0.05190734 0.0519     0.05117669],0
89,89,89,N#CC[C@](N)(Cl)C#N.[F-],,E_C_C_A_B_B,sn2,"[ 0.00243296 -0.02974679  0.00170474 -0.02265315  0.00518968  0.00518955
  0.0051903   0.00252385]",0
90,90,90,CC(C)[C@@](N)(F)[N+](=O)[O-].[Cl-],,B_E_D_D_A_C,sn2,[0.08285229 0.08402662 0.08632441 0.08399101 0.08632712],0
91,91,91,C[C@H](C[N-2])[C@](C)(N)F.[H+],,E_D_D_C_A_A,sn2,"[0.00442503 0.00454337 0.00168242 0.00445537 0.00456358 0.00169463
 0.00295431 0.0047152  0.00308068 0.00472044]",0
92,92,92,N#CC(C#N)CBr.[Cl-],,A_A_C_C_C_C,sn2,"[0.01510237 0.01510286 0.03361047 0.03360744 0.03361364 0.01510212
 0.01510204 0.01510188 0.01510076]",0
93,93,93,C[C@@H](Cl)[C@@H](N)[N+](=O)[O-].[Cl-],,A_D_B_E_B_C,sn2,[0.04117359 0.0387384  0.04252665 0.03874245 0.03875061],0
94,94,94,CC(C)(Cl)[C@@H](N)N([O-])[O-].[H+],,D_D_B_E_B_A,sn2,"[ 0.00152096  0.00150741  0.00521063 -0.00178739  0.00441289  0.00436464
  0.0043416   0.00706061  0.00706025  0.00706218  0.00707651]",0
95,95,95,C[C@](Cl)(C#N)CC#N.[F-],,C_D_A_C_B_B,sn2,[0.02800453 0.02800293 0.02801199],0
96,96,96,N#C[C@@H](N)[C@@H](N)F.[Cl-],,A_E_E_C_A_C,sn2,"[0.07328479 0.07328529 0.07147823 0.0683374  0.06835678 0.07146761
 0.07328117]",0
97,97,97,C[C@](F)(C#N)C[N+](=O)[O-].[Cl-],,C_D_A_B_A_C,sn2,"[0.070537   0.07054452 0.07053623 0.07053709 0.07053741 0.07053633
 0.06926399 0.06926337 0.07053768]",0
98,98,98,N#CC[C@@H](Cl)C#N.[F-],,C_A_C_A_B_B,sn2,[0.01387136 0.01387121 0.01387382 0.01386675 0.01387384],0
99,99,99,C[C@@H]([N+](=O)[O-])[C@@](N)(F)[N+](=O)[O-].[F-],,B_E_B_D_A_B,sn2,[0.0471662  0.04673327 0.04672974 0.0466687 ],0
100,100,100,N#CC[C@@H](Cl)C#N.[F-],,C_A_A_C_B_B,sn2,[0.01549587 0.01549492 0.01549754 0.01549096 0.01549436],0
101,101,101,C[C@H](F)[C@@H](N)C#N.[F-],,D_A_C_E_A_B,sn2,[0.04791101 0.04788969 0.04591376 0.04792369 0.04594877],0
102,102,102,C[C@](N)(F)[C@@H](N)[N+](=O)[O-].[F-],,D_E_B_E_A_B,sn2,"[0.05812612 0.06430506 0.06997449 0.06995721 0.05990424 0.06996943
 0.05812755]",0
103,103,103,C[C@](F)(C#N)[C@@H](N)C#N.[Br-],,C_D_C_E_A_D,sn2,[0.07099986 0.07016769 0.07021022],0
104,104,104,N#C[C@H](Br)CN.[Cl-],,C_A_A_E_C_C,sn2,"[0.04422694 0.05161011 0.05161195 0.0424285  0.0427972  0.04422315
 0.05161384 0.04170274 0.05415274 0.03993595 0.03584886 0.03599096
 0.03494017 0.04991035 0.05414787 0.05335592 0.04991586 0.0533572
 0.05415242]",0
105,105,105,N#C[C@@H](N)CCl.[F-],,A_A_E_C_B_B,sn2,[0.00531208 0.00531785 0.00891226 0.00533432 0.00438387 0.00891031],0
106,106,106,C[C@@](N)(F)CC#N.[Cl-],,E_D_A_C_A_C,sn2,"[0.07362035 0.07362058 0.07407097 0.07137277 0.0740739  0.07137428
 0.0736202  0.07407131 0.07361962]",0
107,107,107,N#C[C@@H](N)[C@@H](Cl)C#N.[F-],,C_A_E_C_B_B,sn2,"[0.00958596 0.00821659 0.00820802 0.00958099 0.0082295  0.00958769
 0.00959768]",0
108,108,108,N#CC[C@@](N)(Cl)[N+](=O)[O-].[Cl-],,B_E_A_C_B_C,sn2,[0.05959577 0.05959094 0.05959432 0.05959245 0.05956869 0.05959442],0
109,109,109,C[C@](Cl)(C#N)C[N+](=O)[O-].[Cl-],,C_D_A_B_B_C,sn2,[0.04953013 0.04952461 0.0495284  0.04952969 0.04952995 0.04944465],0
110,110,110,C[C@@H](N)C(Cl)(C#N)C#N.[Cl-],,C_C_E_D_B_C,sn2,[0.03361932 0.03362097],0
111,111,111,N#C[C@](N)(F)CN.[Br-],,C_E_A_E_A_D,sn2,"[0.08226012 0.08465893 0.08465903 0.08896586 0.08465908 0.08226005
 0.08467784 0.08895598 0.08462536]",0
112,112,112,C[C@@H]([N+](=O)[O-])[C@](C)(N)F.[Cl-],,E_D_B_D_A_C,sn2,[0.08434021 0.08465143 0.08465466 0.08508511],0
113,113,113,N#C[C@@H](N)[C@@H](N)F.[F-],,A_E_E_C_A_B,sn2,"[0.04254912 0.05090425 0.04906078 0.04254817 0.05092939 0.05172224
 0.05480605 0.05479232]",0
114,114,114,C[C@](Cl)(C#N)C(N)N.[F-],,C_D_E_E_B_B,sn2,"[0.00885216 0.01490224 0.01796146 0.00558701 0.01757166 0.02422964
 0.00558588 0.0188967  0.01797167 0.01485307 0.02996646 0.02902233
 0.02902282 0.02997275 0.02902282 0.02902084 0.02901871 0.02902537]",0
115,115,115,N#C[C@H](Br)CN.[Cl-],,C_A_E_A_C_C,sn2,"[0.05073582 0.04334955 0.04334007 0.05073678 0.04155276 0.04192121
 0.0433348  0.05327178 0.04333942 0.03512019 0.05073309 0.03513389
 0.04903434 0.05326211 0.05327527 0.05247992 0.04903986 0.05248145
 0.05327363]",0
116,116,116,N#C[C@@H](Br)C[N+](=O)[O-].[Cl-],,A_C_B_A_C_C,sn2,[0.03180511 0.03181901 0.03180416 0.03181467 0.03181061],0
117,117,117,C[C@H](N)[C@H](Cl)[N+](=O)[O-].[F-],,A_B_D_E_B_B,sn2,"[0.01678886 0.00532499 0.01677941 0.01233073 0.01103804 0.01232895
 0.01678331 0.01103282 0.0152652  0.01624967 0.02625281 0.00538345
 0.00532532 0.02915097 0.02915211 0.02914897 0.02915095 0.02915144
 0.02915246 0.029134  ]",0
118,118,118,C[C@H](Cl)C(C#N)C#N.[F-],,D_A_C_C_B_B,sn2,"[0.01139633 0.0113928  0.01139686 0.01139266 0.01139385 0.01139754
 0.01139422 0.01139389]",0
119,119,119,N[C@@](F)(C[N+](=O)[O-])[N+](=O)[O-].[F-],,B_E_B_A_A_B,sn2,[0.0380854  0.03808449 0.0443295  0.03807837],0
120,120,120,N#C[C@](F)(CN)[N+](=O)[O-].[F-],,C_B_A_E_A_B,sn2,[0.02955783 0.02955922 0.02955846 0.02955939 0.02955675],0
121,121,121,N#CC[C@@H](Br)[N+](=O)[O-].[Cl-],,B_A_C_A_C_C,sn2,"[0.03013624 0.03014088 0.03015068 0.03014298 0.0301399  0.03013903
 0.03014078]",0
122,122,122,CC[C@@](N)(F)C#N.[Cl-],,C_E_A_D_A_C,sn2,[0.07662057 0.0756463  0.07566321 0.07662106 0.07565657],0
123,123,123,C[C@](N)(Cl)[C@@H](N)C[N-2].[H+],,D_E_C_E_B_A,sn2,"[ 0.00974617 -0.00117357  0.00969422 -0.00110825  0.00048889  0.00247653
 -0.0011097   0.00245073  0.00365028  0.00368797  0.0062975   0.00138071
  0.00343647  0.0062832 ]",0
124,124,124,N#CC(C#N)C(N)(N)Cl.[F-],,E_E_C_C_B_B,sn2,[0.05116759 0.05116984],0
125,125,125,N#C[C@H](F)[C@@H](N)[N+](=O)[O-].[Cl-],,C_A_B_E_A_C,sn2,[0.04903554 0.04469727],0
126,126,126,CC(C)[C@@](N)(F)C#N.[Cl-],,C_E_D_D_A_C,sn2,[0.08013566 0.0801316  0.08013165 0.08013481 0.08013464 0.08012465],0
127,127,127,C[C@H](C#N)[C@@](C)(N)F.[F-],,D_E_D_C_A_B,sn2,[0.06232078 0.06016952 0.06113824 0.06017064 0.06231274 0.06114049],0
128,128,128,C[C@](N)(Br)C(C#N)C#N.[F-],,D_E_C_C_C_B,sn2,[0.02279431 0.04291394 0.04516993 0.04292319 0.04514215],0
129,129,129,C[C@H](N)[C@@H](Cl)[N+](=O)[O-].[F-],,B_A_D_E_B_B,sn2,"[0.01418729 0.01443785 0.01443237 0.01418684 0.01444763 0.01446054
 0.02582969 0.01478615 0.01418922 0.00523474 0.01477939 0.01473746
 0.02946476 0.02939897 0.0294144  0.02941827 0.02563881 0.02563879]",0
130,130,130,N#C[C@](N)(F)[C@H](N)[N+](=O)[O-].[Cl-],,C_E_E_B_A_C,sn2,[0.07721336],0
131,131,131,N#C[C@](N)(F)[C@@H](N)N([O-])[O-].[H+],,C_E_B_E_A_A,sn2,[0.02903711 0.03885274 0.02835805 0.02904551],0
132,132,132,N#CC[C@](N)(Br)C#N.[Cl-],,E_C_C_A_C_C,sn2,"[0.03783783 0.01579332 0.03849647 0.03436953 0.03839345 0.01305279
 0.01313282 0.03436631 0.03436591 0.03436387 0.03575601]",0
133,133,133,CC(C)[C@](N)(F)N([O-])[O-].[H+],,E_B_D_D_A_A,sn2,"[0.00271925 0.02482453 0.02486149 0.00467392 0.0046595  0.00271618
 0.00281896]",0
134,134,134,CC[C@](N)(Cl)C#N.[Br-],,E_C_A_D_B_D,sn2,"[0.05773564 0.0577358  0.05418641 0.05773535 0.05480243 0.05419623
 0.05718455 0.05718436 0.0548025 ]",0
135,135,135,N#C[C@](N)(Br)CN.[F-],,C_E_E_A_C_B,sn2,[0.00963378 0.00963667 0.00278521 0.02503177 0.02503234 0.02504405],0
136,136,136,N#CC(C#N)[C@@H](N)F.[F-],,A_E_C_C_A_B,sn2,[0.03414884 0.03298235 0.03414705 0.03326712],0
137,137,137,CC(C)(F)C(N)N.[F-],,D_D_E_E_A_B,sn2,[0.06108694 0.06052885 0.06187899 0.06188257 0.06071144 0.06074859],0
138,138,138,N#C[C@@H](F)C(N)N.[Cl-],,A_C_E_E_A_C,sn2,[0.07876429 0.07299486 0.07875048 0.07876457 0.06170759],0
139,139,139,C[C@](N)(Cl)[C@H](N)N([O-])[O-].[H+],,D_E_E_B_B_A,sn2,[0.03851252 0.03628177 0.04297764 0.02922695 0.02923284],0
140,140,140,N#C[C@](N)(Cl)C([N+](=O)[O-])[N+](=O)[O-].[F-],,C_E_B_B_B_B,sn2,[0.03760987 0.03761422 0.03761228 0.03850115 0.03846512],0
141,141,141,C[C@](Cl)(CN)[N+](=O)[O-].[F-],,D_B_A_E_B_B,sn2,"[0.00905928 0.00631853 0.00638935 0.00623598 0.00624086 0.00639022
 0.01826946 0.02000985 0.02000313 0.00631431 0.00905459 0.00631361
 0.01701195]",0
142,142,142,N#C[C@@H](N)[C@@H](F)N([O-])[O-].[H+],,B_A_E_C_A_A,sn2,[0.01522038 0.01898739 0.02233164 0.01522435],0
143,143,143,[H+].[N-2]C[C@@H](Cl)C(N)N,,A_C_E_E_B_A,sn2,"[0.01167364 0.01423291 0.01414334 0.01576614 0.01613492 0.01261039
 0.01416746 0.01614862 0.01422015 0.01416897 0.01575256 0.0168131
 0.01907443 0.01907291 0.01907655 0.00930732 0.00740512 0.02239182]",0
144,144,144,CC[C@](N)(F)[N+](=O)[O-].[Cl-],,E_B_D_A_A_C,sn2,[0.08564653 0.08563971 0.08562257 0.08564449 0.08179924 0.08178712],0
145,145,145,CC[C@](N)(F)C[N-2].[H+],,E_C_D_A_A_A,sn2,[0.0281961  0.02819824 0.02695092 0.02695081 0.02694478 0.02819795],0
146,146,146,N#C[C@@H](F)C([N+](=O)[O-])[N+](=O)[O-].[Cl-],,A_C_B_B_A_C,sn2,[0.06060704 0.06059457 0.06197339 0.06060169 0.06196683],0
147,147,147,N#CC[C@H](F)C#N.[F-],,A_C_C_A_A_B,sn2,[0.03039863 0.03036922 0.03039332 0.03039425 0.03036778 0.03036764],0
148,148,148,CC[C@@](N)(Cl)[N+](=O)[O-].[Cl-],,B_E_D_A_B_C,sn2,[0.05672085 0.05671898 0.05146924],0
149,149,149,C[C@@](F)(CN)N([O-])[O-].[H+],,B_D_A_E_A_A,sn2,"[0.0146174  0.01332126 0.01861562 0.01865111 0.01332411 0.00835496
 0.00860312 0.0203782  0.0086035  0.02034352 0.01691136 0.01691611
 0.01732757]",0
150,150,150,CC[C@@](N)(F)[N+](=O)[O-].[Cl-],,B_E_D_A_A_C,sn2,[0.08134091 0.08134399 0.08131213 0.08132761],0
151,151,151,N#C[C@](F)(CN)[N+](=O)[O-].[Cl-],,C_B_A_E_A_C,sn2,[0.0532335],0
152,152,152,N#CC[C@](N)(F)[N+](=O)[O-].[F-],,E_B_A_C_A_B,sn2,"[ 0.00144274 -0.02182095  0.00584371  0.01124429  0.00133982 -0.0211447
  0.01127914  0.01146786  0.0112418  -0.02530241  0.01281499  0.01129836
  0.01069276  0.0106768   0.01068334  0.01068808]",0
153,153,153,NC[C@@H](Br)[N+](=O)[O-].[Br-],,B_A_E_A_C_D,sn2,[0.04061689 0.04061772 0.04061775 0.04321021 0.04061761 0.04321325],0
154,154,154,N#C[C@](N)(Cl)C[N+](=O)[O-].[Cl-],,C_E_A_B_B_C,sn2,[0.05343104 0.05208684 0.05211486],0
155,155,155,N#CC[C@](N)(F)C#N.[Br-],,E_C_C_A_A_D,sn2,[0.08004993 0.08157612 0.08158385],0
156,156,156,[H+].[N-2]CCC(N)(N)F,,E_E_C_A_A_A,sn2,[0.01348756 0.01348742 0.01348936 0.01348511 0.01349353 0.01349398],0
157,157,157,C[C@@H](C#N)C(F)(C#N)C#N.[F-],,C_C_C_D_A_B,sn2,[0.02311768 0.02311361 0.023115   0.02311229],0
158,158,158,C[C@@H](Br)C(C#N)C#N.[F-],,A_D_C_C_C_B,sn2,"[0.00652013 0.00652016 0.00653029 0.00651917 0.00652152 0.00652073
 0.0065203 ]",0
159,159,159,C[C@H](Br)[C@H](C#N)[N+](=O)[O-].[F-],,D_A_C_B_C_B,sn2,[0.00932832 0.00932307],0
160,160,160,N#C[C@@H](N)[C@@H](F)[N+](=O)[O-].[Cl-],,B_A_E_C_A_C,sn2,"[0.07486642 0.07487518 0.07126706 0.07487779 0.07870508 0.0748651
 0.07128089]",0
161,161,161,N#CC[C@@](N)(Cl)C#N.[F-],,C_E_A_C_B_B,sn2,"[0.00508109 0.00237836 0.0023298  0.00508887 0.00509023 0.00510477
 0.00509027 0.00508796]",0
162,162,162,C[C@H](Br)[C@@H](N)C[N-2].[H+],,D_A_C_E_C_A,sn2,[0.01503094 0.01500971 0.01502539 0.01502516],0
163,163,163,CC[C@](N)(F)C#N.[F-],,E_C_D_A_A_B,sn2,[0.05163876 0.05163847 0.05163081 0.04959461 0.04959599],0
164,164,164,CC(C)(Cl)C(N)N.[F-],,D_D_E_E_B_B,sn2,"[0.01313397 0.01642799 0.01642213 0.0186497  0.01673312 0.01672902
 0.02243744 0.01754297 0.01753849 0.01318707 0.01754336 0.01845272
 0.02458673 0.02458406 0.0275454  0.02513229 0.02545475 0.02458619
 0.02458562 0.02524814 0.02458695 0.02458007]",0
165,165,165,C[C@H](N)C(F)(C#N)C#N.[F-],,C_C_D_E_A_B,sn2,[0.03209815 0.03209385 0.03209993 0.03210029],0
166,166,166,N#C[C@](N)(Cl)CN.[F-],,C_E_A_E_B_B,sn2,"[0.00860754 0.01525104 0.00862299 0.01526748 0.00859959 0.02035545
 0.0297025  0.03053019 0.02806443]",0
167,167,167,N#C[C@H](N)[C@@](N)(F)C#N.[F-],,C_E_C_E_A_B,sn2,"[0.04591245 0.04821101 0.04817336 0.06009076 0.04411016 0.06009915
 0.04588665 0.04590628]",0
168,168,168,C[C@@](N)(F)CN.[F-],,E_D_A_E_A_B,sn2,"[0.07452376 0.06882007 0.07603459 0.07605571 0.06882475 0.06678839
 0.07275859 0.07604989]",0
169,169,169,N#C[C@](N)(F)C[N+](=O)[O-].[F-],,C_E_A_B_A_B,sn2,[0.04601474 0.05022471 0.05021373],0
170,170,170,C[C@@H](F)[C@@H](N)C[N-2].[H+],,A_D_C_E_A_A,sn2,"[ 0.00208467  0.00086382  0.0017478  -0.00169041 -0.00068888 -0.00487321
  0.00211318  0.00086423  0.0021184   0.00212192 -0.00156048 -0.00483648
  0.00173587 -0.00126951 -0.00193249 -0.00127559 -0.00126692 -0.00191922
 -0.00126636 -0.00192419  0.00265841]",0
171,171,171,N#CC[C@](N)(Cl)C#N.[Cl-],,E_C_C_A_B_C,sn2,[0.04192278 0.04041939 0.04192291 0.04192353 0.0437626  0.04041415],0
172,172,172,C[C@H](N)[C@@H](F)C[N-2].[H+],,C_A_D_E_A_A,sn2,"[0.01485097 0.01976996 0.01485924 0.01975187 0.02395946 0.01976598
 0.01864459 0.02283841 0.01401236 0.01865269 0.01865287 0.02284091
 0.02284069]",0
173,173,173,N#C[C@](N)(Cl)C[N+](=O)[O-].[F-],,C_E_A_B_B_B,sn2,[0.0333285  0.03330125],0
174,174,174,N#C[C@H](N)CCl.[Cl-],,A_A_C_E_B_C,sn2,"[0.03785742 0.03785432 0.03180319 0.04078159 0.040776   0.03784501
 0.03179497 0.0407846 ]",0
175,175,175,N#C[C@@H](Cl)[C@H](N)[N+](=O)[O-].[F-],,A_C_E_B_B_B,sn2,[0.02371774],0
176,176,176,N#C[C@](N)(F)C[N+](=O)[O-].[Cl-],,C_E_A_B_A_C,sn2,[0.07413471 0.07704964 0.07703769],0
177,177,177,N#CC(Br)(C#N)CN.[Cl-],,C_C_E_A_C_C,sn2,"[0.03662654 0.03663944 0.03623543 0.03623914 0.03624552 0.03624762
 0.03623084]",0
178,178,178,N#C[C@@](N)(Cl)CN.[F-],,E_C_E_A_B_B,sn2,[0.0172902  0.02668028 0.02503931],0
179,179,179,C[C@@](N)(F)[C@@H](N)C#N.[F-],,E_D_C_E_A_B,sn2,[0.06295327 0.06295662 0.06816998 0.06753991 0.06780467 0.06754113],0
180,180,180,N#C[C@](N)(F)[C@H](N)[N+](=O)[O-].[F-],,C_E_E_B_A_B,sn2,[0.05594215],0
181,181,181,C[C@@H]([C@H](N)Cl)[N+](=O)[O-].[Br-],,E_A_D_B_B_D,sn2,[0.0299208  0.02596727 0.02991622],0
182,182,182,N#CC[C@@](N)(Br)C#N.[Cl-],,C_E_A_C_C_C,sn2,"[0.03780421 0.03780181 0.03842116 0.03433057 0.01775752 0.03836195
 0.0378249  0.03838064 0.01309932 0.03834415 0.03434418 0.03434604
 0.03567191 0.03584481 0.03595107]",0
183,183,183,C[C@@H](Br)C(N)N.[F-],,A_D_E_E_C_B,sn2,"[0.0188882  0.02488944 0.02907927 0.02672946 0.01888288 0.0229842
 0.0209301  0.02907912 0.02485554 0.02490369 0.01783523 0.02091426
 0.03181113 0.03309764 0.03181106 0.03300449 0.02489514 0.02087571
 0.0330041  0.02898178]",0
184,184,184,C[C@](Cl)(C#N)CC#N.[Cl-],,C_D_A_C_B_C,sn2,[0.04752959 0.04753034 0.04753577],0
185,185,185,C[C@H](F)[C@H](N)C#N.[F-],,D_A_E_C_A_B,sn2,[0.05061897 0.05308097 0.05308594 0.0530891  0.05308598],0
186,186,186,C[C@H](C#N)C(F)(C#N)C#N.[F-],,C_C_D_C_A_B,sn2,[0.02305357 0.02308508 0.02306633 0.02307493 0.02304549],0
187,187,187,C[C@@](Cl)(C#N)CC#N.[F-],,D_C_C_A_B_B,sn2,[0.02798519 0.02798488 0.02799338 0.02798679 0.0279899  0.02797531],0
188,188,188,CC[C@@](N)(F)C[N-2].[H+],,C_E_A_D_A_A,sn2,[-0.00410276  0.02664937  0.02817038  0.02818618  0.02691267  0.02816944],0
189,189,189,C[C@@H](C#N)[C@@H](Br)C#N.[F-],,C_A_C_D_C_B,sn2,[0.00279912 0.00278239],0
190,190,190,C[C@H](C#N)[C@H](N)F.[F-],,E_A_D_C_A_B,sn2,[0.04884443 0.04886889 0.0488637 ],0
191,191,191,CCC(Cl)(C#N)C#N.[Br-],,C_C_D_A_B_D,sn2,[0.03129933 0.03130941 0.03129018 0.03129286 0.03129655],0
192,192,192,CC(C)(Cl)[C@@H](N)[N+](=O)[O-].[F-],,D_D_B_E_B_B,sn2,[0.04480347 0.04480119 0.04477646 0.04477915],0
193,193,193,C[C@@H](N)[C@@](C)(F)C[N-2].[H+],,C_D_E_D_A_A,sn2,"[0.01343615 0.0168237  0.00631577 0.01344109 0.0062772  0.01344546
 0.01344648 0.01689979 0.01807835 0.00631464 0.01684878 0.01690618
 0.01685365 0.00627634 0.01344354 0.01819852 0.01818367 0.01819425
 0.01831191 0.01829804 0.01819641]",0
194,194,194,CC(C)(Cl)[C@@H](N)C#N.[Cl-],,D_D_C_E_B_C,sn2,"[0.03937287 0.04739351 0.03937075 0.04520297 0.04739582 0.04709457
 0.0459918  0.04525091 0.04601802 0.04710601]",0
195,195,195,C[C@H](C#N)[C@H](N)Br.[F-],,E_A_D_C_C_B,sn2,[-0.0250324  -0.02223472  0.00275918  0.00327394  0.00327227],0
196,196,196,CC[C@@](F)(C#N)[N+](=O)[O-].[Cl-],,C_B_A_D_A_C,sn2,[0.04501319 0.04868616 0.04501638 0.04868024],0
197,197,197,C[C@H](Cl)C([N+](=O)[O-])[N+](=O)[O-].[F-],,D_A_B_B_B_B,sn2,[0.01471743 0.01471732],0
198,198,198,CC(C)(Cl)[C@H](N)N([O-])[O-].[H+],,D_D_E_B_B_A,sn2,[0.04192487],0
199,199,199,C[C@](Br)(C#N)C(N)N.[Cl-],,C_D_E_E_C_C,sn2,[0.05299846 0.06184828 0.05297388 0.0618421 ],0
200,200,200,N#CC[C@H](Br)[N+](=O)[O-].[F-],,A_B_C_A_C_B,sn2,"[-4.39414748e-05 -3.41583909e-05 -1.32633618e-02 -1.78424060e-02
 -1.78342417e-02 -1.33021961e-02 -1.78117345e-02 -5.10546201e-05
  6.94735202e-04  7.18639480e-04  7.31678105e-04  8.31204122e-04
  7.45907113e-04]",0
201,201,201,C[C@H](N)[C@](C)(F)C#N.[F-],,D_C_D_E_A_B,sn2,[0.04889087 0.04889274 0.04887214 0.04887724 0.04887957],0
202,202,202,C[C@H](C#N)[C@@](C)(Br)C#N.[Cl-],,C_D_D_C_C_C,sn2,[0.0489092  0.04892455 0.04892475],0
203,203,203,N#C[C@H]([N+](=O)[O-])C(N)(N)Cl.[F-],,E_E_C_B_B_B,sn2,[0.04910556 0.04908986 0.04909926 0.04910564 0.05327954],0
204,204,204,N#C[C@H](N)[C@](F)(C#N)[N+](=O)[O-].[Cl-],,B_C_C_E_A_C,sn2,[0.05387138],0
205,205,205,N#CC(C#N)[C@@H](Cl)[N+](=O)[O-].[Cl-],,B_A_C_C_B_C,sn2,[0.04039004 0.04038739],0
206,206,206,C[C@H](F)[C@@H](N)C#N.[Cl-],,D_A_C_E_A_C,sn2,"[0.0671292  0.0671063  0.06712364 0.06801981 0.06801911 0.06712092
 0.06325993]",0
207,207,207,N#C[C@@H](N)[C@@H](Br)[N+](=O)[O-].[Cl-],,B_A_E_C_C_C,sn2,[0.04448558],0
208,208,208,C[C@H](C#N)[C@](C)(F)C#N.[Cl-],,D_C_D_C_A_C,sn2,[0.06724186 0.06723959 0.06724479 0.06724504 0.06724422],0
209,209,209,N#C[C@H](Br)CN.[F-],,C_A_E_A_C_B,sn2,"[0.00576206 0.02346804 0.02308866 0.02308678 0.02348517 0.00658851
 0.00655606 0.02308503 0.00662706 0.02762027 0.00893318 0.00206605
 0.0020629  0.02313221 0.02739292 0.0273825  0.02740249 0.02313437
 0.02739496 0.0273968 ]",0
210,210,210,C[C@@](N)(F)CC#N.[F-],,E_D_A_C_A_B,sn2,"[0.06473147 0.06558322 0.06473048 0.06557862 0.06557618 0.06558412
 0.06473163 0.06558269 0.0655841 ]",0
211,211,211,CC(C)(F)[C@@H](N)[N+](=O)[O-].[Br-],,D_D_B_E_A_D,sn2,[0.08255387 0.08392577 0.08255628 0.08255423 0.08255412],0
212,212,212,C[C@H](N)[C@@H](F)C#N.[F-],,C_A_D_E_A_B,sn2,[0.04185316 0.04185569 0.04586801 0.04185321],0
213,213,213,C[C@@H](N)[C@@H](Br)[N+](=O)[O-].[F-],,B_A_E_D_C_B,sn2,"[0.01231355 0.0145528  0.00263332 0.01231203 0.02339066 0.00928699
 0.00939879 0.00928988 0.01442684 0.01455543 0.02335432 0.02756808
 0.02757532 0.02757653 0.02757249]",0
214,214,214,N#C[C@@H](N)[C@@H](Br)[N+](=O)[O-].[F-],,B_A_E_C_C_B,sn2,[0.02883513 0.02523278],0
215,215,215,C[C@H](C#N)[C@@H](Br)[N+](=O)[O-].[Cl-],,B_A_D_C_C_C,sn2,"[0.03648276 0.02083325 0.0364716  0.02085564 0.02082004 0.03648981
 0.03648509]",0
216,216,216,N#C[C@H](Br)CN.[Br-],,C_A_E_A_C_D,sn2,[0.03903275 0.03903089 0.0265311  0.04302004 0.04217894 0.04217681],0
217,217,217,N[C@H](Br)C([N+](=O)[O-])[N+](=O)[O-].[F-],,E_A_B_B_C_B,sn2,[0.03192007 0.03451281 0.03198427],0
218,218,218,CC(C)(Cl)[C@@H](N)C#N.[F-],,D_D_C_E_B_B,sn2,"[ 0.00294323 -0.01312599  0.00025512  0.00294204  0.00151737  0.00546101
  0.00540405  0.00654305  0.0064576 ]",0
219,219,219,N#C[C@@H](N)[C@@H](Br)C#N.[Cl-],,C_A_E_C_C_C,sn2,"[0.04126697 0.02719478 0.04127642 0.03169501 0.03164796 0.03167455
 0.03116711 0.03116654 0.03116667 0.04126757 0.04369824 0.02719493
 0.03169458 0.03171327 0.04373172 0.04374139]",0
220,220,220,C[C@H](C#N)[C@](N)(Cl)[N+](=O)[O-].[F-],,E_B_D_C_B_B,sn2,[0.02616643],0
221,221,221,N[C@@](F)(C[N+](=O)[O-])[N+](=O)[O-].[F-],,B_E_A_B_A_B,sn2,[0.04432789 0.04414968 0.04431192 0.04431789],0
222,222,222,C[C@@H](N)[C@](N)(Cl)[N+](=O)[O-].[F-],,E_B_E_D_B_B,sn2,[0.01505204 0.01296519 0.04582008],0
223,223,223,C[C@H](N)[C@](C)(Cl)C#N.[Cl-],,D_C_D_E_B_C,sn2,"[0.04471479 0.04469596 0.04469901 0.04960903 0.05212968 0.05215923
 0.0521721  0.05216178 0.05216961 0.05042407]",0
224,224,224,C[C@H](N)[C@](C)(F)C[N-2].[H+],,D_C_D_E_A_A,sn2,"[0.00651888 0.00651519 0.00709581 0.01707996 0.01840713 0.01840391
 0.0183969  0.01852516 0.01852583 0.01841152 0.01839724]",0
225,225,225,C[C@@H]([C@H](Br)C#N)[N+](=O)[O-].[F-],,A_C_D_B_C_B,sn2,[0.00149494 0.00149397 0.00150818 0.00151687],0
226,226,226,N#CC[C@](N)(F)C#N.[F-],,E_C_C_A_A_B,sn2,[0.05188481 0.0452563  0.04892956 0.0518802  0.04525519 0.0489718 ],0
227,227,227,N#CC(Br)(C#N)CN.[Cl-],,C_C_A_E_C_C,sn2,"[0.03639903 0.03628007 0.03599528 0.03641053 0.03634221 0.03592509
 0.03600303 0.03600724 0.03601321 0.036015  ]",0
228,228,228,N#C[C@H](N)[C@@](N)(F)C#N.[Cl-],,C_E_C_E_A_C,sn2,[0.07116552 0.07141207 0.07141332],0
229,229,229,N#CC[C@](F)(C#N)[N+](=O)[O-].[F-],,B_C_C_A_A_B,sn2,"[0.02096073 0.02095806 0.02095158 0.02096171 0.0209417  0.02095345
 0.02058401 0.02095384]",0
230,230,230,C[C@H](Br)[C@@H](N)C#N.[Cl-],,D_A_C_E_C_C,sn2,"[0.03293819 0.03946794 0.03947254 0.0394702  0.03945601 0.03346431
 0.03294939 0.03023055 0.04348514 0.04056876 0.03294293 0.03945467
 0.03946535]",0
231,231,231,C[C@@](Cl)(C#N)CC#N.[Cl-],,D_C_C_A_B_C,sn2,[0.04756479 0.04756272],0
232,232,232,C[C@@H](N([O-])[O-])[C@@](C)(N)F.[H+],,D_E_B_D_A_A,sn2,[0.05930301 0.05406861 0.05930148 0.05929131],0
233,233,233,C[C@](Cl)(C#N)C(N)N.[Br-],,C_D_E_E_B_D,sn2,[0.06482963 0.07262032 0.06482655 0.06482079 0.06482923],0
234,234,234,N#CC[C@H](Br)C#N.[F-],,A_C_C_A_C_B,sn2,"[-1.30437258e-02 -1.30462917e-02 -1.18294773e-03 -1.37961926e-02
 -1.30273244e-02 -1.38217754e-02 -1.30540053e-02 -1.18479762e-03
 -1.18772601e-03 -7.67624911e-05]",0
235,235,235,CC(C)(F)[C@H](N)[N+](=O)[O-].[Cl-],,D_D_E_B_A_C,sn2,[0.0775306  0.07753953 0.07530099 0.07529906],0
236,236,236,N[C@H](Cl)[C@H](N)N([O-])[O-].[H+],,E_A_E_B_B_A,sn2,[0.02648411],0
237,237,237,N[C@H](Cl)C([N+](=O)[O-])[N+](=O)[O-].[F-],,E_A_B_B_B_B,sn2,[0.03649044 0.03652244],0
238,238,238,N#CC[C@H](Br)[N+](=O)[O-].[Br-],,A_B_C_A_C_D,sn2,[0.04119095],0
239,239,239,C[C@H]([C@H](Cl)[N+](=O)[O-])[N+](=O)[O-].[F-],,A_B_B_D_B_B,sn2,[0.00700668],0
240,240,240,C[C@@H](Br)C(N)N.[Cl-],,A_D_E_E_C_C,sn2,"[0.04519507 0.04684192 0.04688221 0.04916904 0.04613243 0.04916056
 0.04928008 0.04378889 0.04289813 0.04788356 0.04434743 0.04641452
 0.04140744 0.04647204 0.03935218 0.04789177 0.04438072 0.04864851]",0
241,241,241,N#CC[C@](N)(Cl)C#N.[Br-],,E_C_C_A_B_D,sn2,[0.05567523],0
242,242,242,N#C[C@H](N)[C@@H](Cl)C#N.[F-],,C_A_C_E_B_B,sn2,[0.02606275 0.0260629  0.02605748 0.01471769 0.0260539 ],0
243,243,243,N[C@@](F)(C[N+](=O)[O-])[N+](=O)[O-].[Cl-],,B_E_A_B_A_C,sn2,[0.08330278 0.08332689 0.08332511 0.08335299 0.08427625 0.0833223 ],0
244,244,244,CC(C)[C@@](N)(F)C[N-2].[H+],,C_E_D_D_A_A,sn2,"[ 2.93453692e-02  4.00074856e-03  5.63974895e-04  2.93287730e-02
  2.93364948e-02 -8.77461400e-06  2.93381498e-02  2.76932023e-02
  4.00377079e-03  2.77017924e-02  2.76931364e-02  2.77047093e-02
  2.76910387e-02  2.77063235e-02  2.77064257e-02]",0
245,245,245,N#CC[C@@H](Cl)[N+](=O)[O-].[Cl-],,B_A_A_C_B_C,sn2,[0.04367163 0.0409406  0.04094613 0.04367434 0.04367693 0.04367171],0
246,246,246,N#CC(F)(C#N)CN.[F-],,C_C_A_E_A_B,sn2,"[0.03057428 0.03059241 0.03057561 0.03058159 0.03058109 0.01906229
 0.01905715 0.01906953 0.01905924]",0
247,247,247,NC[C@H](Cl)[N+](=O)[O-].[F-],,A_B_E_A_B_B,sn2,[0.02551977 0.02985985 0.02986555 0.02985612 0.0298681 ],0
248,248,248,N#C[C@H](N)[C@H](N)Cl.[F-],,E_A_C_E_B_B,sn2,[0.03425351 0.0335844  0.03424434 0.03424832 0.03428239],0
249,249,249,C[C@H](N)[C@@H](Cl)N([O-])[O-].[H+],,B_A_D_E_B_A,sn2,"[ 0.00800469  0.00735582  0.01140897  0.00735664  0.00631392  0.01135807
  0.01138226  0.00735618  0.0090635  -0.00120349 -0.00122473 -0.00060192]",0
250,250,250,N#C[C@@H](Cl)C(N)N.[Br-],,A_C_E_E_B_D,sn2,"[0.06415064 0.06625536 0.06717142 0.06685262 0.06519267 0.06832937
 0.06516978 0.06690858 0.06948635 0.06688741 0.06625763 0.06687708
 0.066897   0.06689685 0.06698929 0.07200377 0.07200338]",0
251,251,251,C[C@@](F)(CC#N)[N+](=O)[O-].[Cl-],,B_D_C_A_A_C,sn2,[0.06808463 0.0680865  0.06808232 0.06807922 0.06808606 0.06808294],0
252,252,252,O=[N+]([O-])C[C@H](Cl)[N+](=O)[O-].[Cl-],,A_B_A_B_B_C,sn2,"[0.0341592  0.03415633 0.03415464 0.03415633 0.0341536  0.03415547
 0.03415583]",0
253,253,253,N#CC[C@@](N)(Br)C#N.[F-],,C_E_A_C_C_B,sn2,[-0.02391805  0.00139086],0
254,254,254,C[C@H](N)[C@](N)(F)C[N-2].[H+],,E_C_D_E_A_A,sn2,"[0.02311254 0.01342157 0.01343078 0.02653162 0.02899571 0.01212812
 0.03319181 0.03317231 0.02735015]",0
255,255,255,N[C@@H](Cl)[C@H](N)N([O-])[O-].[H+],,A_E_E_B_B_A,sn2,[0.02760257 0.02328993 0.03095268],0
256,256,256,C[C@](F)(C#N)[C@@H](N)C#N.[F-],,C_D_C_E_A_B,sn2,[0.03832737 0.03829634 0.03830311 0.04539031],0
257,257,257,C[C@@H](Cl)C([N+](=O)[O-])[N+](=O)[O-].[F-],,A_D_B_B_B_B,sn2,[0.00618499 0.00618656 0.00618722 0.00618217],0
258,258,258,[H+].[N-2]C[C@H](N)[C@H](N)Cl,,E_A_C_E_B_A,sn2,[0.0064506  0.00606897 0.00605415 0.00362034 0.00643615],0
259,259,259,N#C[C@H](N)[C@@](N)(F)[N+](=O)[O-].[Cl-],,B_E_C_E_A_C,sn2,[0.079316   0.08153573],0
260,260,260,N#C[C@H](N)[C@@H](F)[N+](=O)[O-].[F-],,B_A_C_E_A_B,sn2,[0.02792182 0.04431097 0.03669174 0.04432432 0.03861161 0.03667241],0
261,261,261,CC(C)[C@@](N)(F)C#N.[F-],,C_E_D_D_A_B,sn2,[0.05280491 0.05280753 0.05283721 0.0528206  0.05282318 0.05281037],0
262,262,262,N#CC(C#N)[C@@H](N)F.[Cl-],,A_E_C_C_A_C,sn2,"[0.07531664 0.07531138 0.07531758 0.07532782 0.07531783 0.07533513
 0.06021223 0.07532808]",0
263,263,263,N#C[C@@](N)(Br)C(N)N.[F-],,E_C_E_E_C_B,sn2,[0.010786  0.0385203],0
264,264,264,C[C@](N)(F)[C@@H](N)N([O-])[O-].[H+],,D_E_B_E_A_A,sn2,"[0.05362282 0.05362146 0.05142356 0.06128909 0.05362415 0.0514353
 0.05143151]",0
265,265,265,C[C@@H](F)[C@@H](N)C#N.[Cl-],,A_D_C_E_A_C,sn2,"[0.06923655 0.06449572 0.06650145 0.06923247 0.06923168 0.06649654
 0.07170474]",0
266,266,266,N#C[C@@H](N)[C@@H](Cl)C#N.[Cl-],,C_A_E_C_B_C,sn2,[0.05099076 0.05367857 0.05368851 0.05097108],0
267,267,267,C[C@](Br)(C#N)C(N)N.[F-],,C_D_E_E_C_B,sn2,[0.0463722  0.04636959 0.04637461],0
268,268,268,C[C@@](Cl)(C#N)CN.[Cl-],,D_C_E_A_B_C,sn2,[0.05378539 0.05379607 0.04769118 0.04769317 0.04769706],0
269,269,269,C[C@@](F)(C#N)CN.[Br-],,D_C_E_A_A_D,sn2,[0.07403452 0.07279112 0.07001574 0.0700231 ],0
270,270,270,CC[C@](N)(F)C#N.[Br-],,E_C_D_A_A_D,sn2,[0.08375127 0.08310282 0.0831015  0.08309775 0.08309745 0.08375114],0
271,271,271,N#C[C@H](F)[C@@H](N)[N+](=O)[O-].[F-],,C_A_B_E_A_B,sn2,[0.02779008 0.02778593 0.02777334 0.02778467 0.02776992],0
272,272,272,C[C@@H](F)[C@@H](N)C#N.[F-],,A_D_C_E_A_B,sn2,"[0.04665404 0.04704961 0.0466511  0.04702555 0.0470589  0.04418652
 0.04665144 0.04702491 0.04665071]",0
273,273,273,C[C@@H](Cl)[C@@H](C#N)[N+](=O)[O-].[F-],,A_D_B_C_B_B,sn2,[0.01378179 0.0137792  0.01378071 0.01378225],0
274,274,274,C[C@@H](N)[C@H](Br)C#N.[Cl-],,A_C_E_D_C_C,sn2,"[0.04456465 0.05193644 0.04582187 0.04448744 0.04179667 0.05031872
 0.04582515 0.04582202]",0
275,275,275,N#CC[C@](N)(Br)[N+](=O)[O-].[F-],,E_B_C_A_C_B,sn2,[-0.01540244 -0.02114062 -0.02251264 -0.0232181   0.00727094  0.00727955],0
276,276,276,NC[C@@H](F)[N+](=O)[O-].[F-],,B_A_E_A_A_B,sn2,"[0.03878321 0.03878233 0.04314334 0.03983686 0.04314408 0.0420665
 0.03878361 0.03879332]",0
277,277,277,C[C@@H](N)[C@@](C)(F)N([O-])[O-].[H+],,B_D_E_D_A_A,sn2,"[ 0.00503451  0.00682192  0.00683504  0.01613559  0.00625581 -0.00145093
 -0.00473448]",0
278,278,278,C[C@H](N)[C@@](N)(F)C#N.[Cl-],,C_E_D_E_A_C,sn2,[0.07682145 0.0781131  0.0705352  0.08450242],0
279,279,279,C[C@](Br)(C#N)[C@H](N)C#N.[F-],,C_D_E_C_C_B,sn2,"[ 0.00370699  0.00412781 -0.00532695 -0.00959839 -0.00517362  0.00432474
  0.00436552  0.00434241]",0
280,280,280,C[C@H](C#N)[C@](N)(F)C#N.[F-],,E_C_D_C_A_B,sn2,[0.04588232 0.04589464 0.04584462],0
281,281,281,NC[C@](N)(F)[N+](=O)[O-].[F-],,E_B_A_E_A_B,sn2,[0.05738071 0.05397801 0.05395589 0.05399171],0
282,282,282,CC(C)(Br)C(C#N)C#N.[Cl-],,D_D_C_C_C_C,sn2,[0.05799926 0.05799926 0.0580001  0.0579995 ],0
283,283,283,C[C@@H](N)[C@@](C)(Cl)[N+](=O)[O-].[Cl-],,B_D_E_D_B_C,sn2,"[0.05502046 0.0487653  0.04743873 0.04878235 0.04877583 0.04975375
 0.05500558 0.04974994 0.05827881 0.05824339 0.05827154 0.05824551]",0
284,284,284,N#CC(C#N)[C@@H](N)Cl.[F-],,A_E_C_C_B_B,sn2,[0.01329618 0.01329276],0
285,285,285,N#C[C@H]([N+](=O)[O-])C(N)(N)F.[F-],,E_E_C_B_A_B,sn2,[0.06906607 0.065889   0.06938183 0.06587446],0
286,286,286,CCC(F)(C#N)C#N.[F-],,C_C_D_A_A_B,sn2,"[0.00465691 0.0094655  0.00943307 0.00945349 0.00943879 0.00942548
 0.00942709 0.00944012 0.00948098 0.00948146 0.00948163 0.00948059
 0.00947699 0.00946804 0.00947458 0.00947676]",0
287,287,287,N#C[C@@H](N)[C@@H](Cl)C#N.[Br-],,C_A_E_C_B_D,sn2,[0.05552646 0.05553714 0.05552639],0
288,288,288,CC[C@](Cl)(C#N)[N+](=O)[O-].[F-],,B_C_D_A_B_B,sn2,[-0.0108782  -0.00401012  0.00918283  0.00920211  0.00919588  0.00918568],0
289,289,289,N[C@H]([C@@H](F)[N+](=O)[O-])[N+](=O)[O-].[Cl-],,B_A_B_E_A_C,sn2,[0.05831226 0.06805749 0.05750139 0.06409273],0
290,290,290,C[C@H]([C@@H](N)F)[N+](=O)[O-].[F-],,A_E_B_D_A_B,sn2,[0.0488274  0.04603695 0.05368303 0.04882133 0.04604562],0
291,291,291,CCC(F)(C#N)C#N.[Cl-],,C_C_D_A_A_C,sn2,"[0.04803316 0.04804116 0.04804277 0.04804273 0.04804109 0.04803319
 0.04804434 0.0480435 ]",0
292,292,292,C[C@@H]([N+](=O)[O-])C(N)(N)F.[F-],,E_E_B_D_A_B,sn2,[0.06793835 0.06793774],0
293,293,293,N#C[C@H](Br)CN.[F-],,C_A_A_E_C_B,sn2,"[0.0230821  0.0234546  0.00656677 0.00214361 0.01018102 0.02344804
 0.02760065 0.02307028 0.00204393 0.02344732 0.002041   0.00288637
 0.02310239 0.0231087  0.02346485 0.02736938 0.02308682 0.02311092
 0.02735448]",0
294,294,294,C[C@H]([C@@H](N)F)N([O-])[O-].[H+],,A_E_B_D_A_A,sn2,[0.03575085 0.042674   0.03909894 0.04265906],0
295,295,295,C[C@@H](C#N)[C@](Cl)(C#N)[N+](=O)[O-].[Cl-],,B_C_C_D_B_C,sn2,[0.03625499],0
296,296,296,N#CC(C#N)[C@H](Br)C#N.[Cl-],,A_C_C_C_C_C,sn2,[0.03536874 0.03536994 0.03536472 0.03536953 0.0353711  0.03537737],0
297,297,297,N#C[C@](N)(F)C[N+](=O)[O-].[F-],,C_E_B_A_A_B,sn2,[0.04943691 0.0452073  0.04943771 0.04521368 0.04943353 0.0494424 ],0
298,298,298,C[C@H](N([O-])[O-])[C@](N)(F)C#N.[H+],,E_C_D_B_A_A,sn2,[0.03158335 0.03158213],0
299,299,299,C[C@](F)(C#N)[C@@H](N)C#N.[Cl-],,C_D_C_E_A_C,sn2,[0.0640497 0.0689487],0
300,300,300,C[C@](F)(C#N)C(N)N.[F-],,C_D_E_E_A_B,sn2,[0.05471798 0.05430407 0.03542179 0.05432046],0
301,301,301,C[C@@](F)(CC#N)[N+](=O)[O-].[F-],,B_D_C_A_A_B,sn2,"[0.03546961 0.03547051 0.03547257 0.03546778 0.03547024 0.03547174
 0.03546987]",0
302,302,302,C[C@@H](N)[C@@](C)(Br)N([O-])[O-].[H+],,B_D_E_D_C_A,sn2,"[ 0.00509625  0.00556596  0.00540643 -0.00274757  0.00374953 -0.01074057
  0.00543614  0.00315425]",0
303,303,303,C[C@H](N)[C@](C)(F)C#N.[Cl-],,D_C_D_E_A_C,sn2,[0.07093233 0.07093589 0.07258448 0.07092482],0
304,304,304,CC(C)(Br)C(N)N.[F-],,D_D_E_E_C_B,sn2,"[0.01048052 0.00818818 0.01088161 0.01089438 0.01314296 0.01314211
 0.01088629 0.01046504 0.01217678 0.01216173 0.01218364 0.0102441
 0.01914555 0.01946522 0.02010001 0.01962898 0.01927578 0.01946986
 0.01946234 0.01914365 0.01914269]",0
305,305,305,C[C@@H](N([O-])[O-])C(N)(N)F.[H+],,E_E_B_D_A_A,sn2,"[-0.00169597  0.00634632 -0.00162492 -0.00167202 -0.0002759   0.00410178
  0.00212587  0.00634431  0.00987148  0.00986933  0.00979508]",0
306,306,306,C[C@H](N)[C@@](C)(Br)N([O-])[O-].[H+],,B_D_D_E_C_A,sn2,[0.00156873 0.00112225 0.00112829],0
307,307,307,N[C@@H](Cl)[C@@H](N)N([O-])[O-].[H+],,A_E_B_E_B_A,sn2,[0.03437371 0.03440243 0.03522573],0
308,308,308,N#C[C@](N)(Cl)C[N+](=O)[O-].[F-],,C_E_B_A_B_B,sn2,[-0.00164032],0
309,309,309,CC(C)(F)[C@@H](N)N([O-])[O-].[H+],,D_D_B_E_A_A,sn2,[0.00879516 0.00879313],0
310,310,310,N#C[C@](Cl)(CN)[N+](=O)[O-].[Cl-],,C_B_A_E_B_C,sn2,"[0.03781885 0.03780236 0.03493523 0.03781348 0.03492692 0.0378211
 0.03323574 0.03492269]",0
311,311,311,C[C@@H]([C@H](Br)C#N)[N+](=O)[O-].[Cl-],,A_C_D_B_C_C,sn2,[0.02894282 0.02894123 0.02894094],0
312,312,312,N#C[C@@H](N)[C@](N)(Cl)C#N.[F-],,E_C_E_C_B_B,sn2,"[-0.01109393  0.00069236 -0.01125126 -0.00754757  0.0007699  -0.00748027
  0.00622497  0.00323286  0.0032392   0.00622233  0.00621159]",0
313,313,313,N#C[C@H](N)[C@@H](F)N([O-])[O-].[H+],,B_A_C_E_A_A,sn2,[0.02276248 0.02276578],0
314,314,314,N#CC[C@@](N)(Br)C#N.[Br-],,C_E_A_C_C_D,sn2,[0.04928488 0.05106187],0
315,315,315,NC[C@@H](Br)[N+](=O)[O-].[Cl-],,B_A_E_A_C_C,sn2,"[0.04094934 0.05032501 0.04444695 0.0409486  0.0539875  0.04342404
 0.0409484  0.04258884 0.05198557 0.04938208 0.04939096 0.05233411
 0.05234543 0.04938994 0.05234556]",0
316,316,316,C[C@@H](C#N)[C@](Cl)(C#N)[N+](=O)[O-].[F-],,B_C_C_D_B_B,sn2,[0.01104312],0
317,317,317,N#C[C@@H](Cl)C[N+](=O)[O-].[Br-],,A_C_A_B_B_D,sn2,[0.03808732 0.03808851 0.03807991 0.03809116 0.03809261],0
318,318,318,N#CC[C@](N)(F)C#N.[Cl-],,E_C_C_A_A_C,sn2,[0.07346346 0.07345997 0.07520299 0.07750955 0.07345786 0.07520457],0
319,319,319,C[C@@](N)(F)C[N+](=O)[O-].[F-],,E_D_B_A_A_B,sn2,"[0.06163448 0.0616378  0.06163678 0.06163274 0.06184412 0.06163507
 0.06095195 0.06164855 0.06162491]",0
320,320,320,C[C@@](Cl)([C@H](N)C#N)[N+](=O)[O-].[Cl-],,B_D_E_C_B_C,sn2,[0.05771656 0.05771613 0.0577141  0.05771532],0
321,321,321,N#C[C@](N)(F)CN.[F-],,C_E_A_E_A_B,sn2,[0.06242952 0.06189245 0.06191144 0.05886015 0.05793495 0.05799295],0
322,322,322,C[C@H](C#N)[C@](C)(N)F.[F-],,E_D_D_C_A_B,sn2,[0.06139814 0.06339591 0.06138742 0.06339485],0
323,323,323,N#C[C@@H]([C@H](N)F)[N+](=O)[O-].[F-],,E_A_C_B_A_B,sn2,[0.04742265 0.0474254 ],0
324,324,324,C[C@H](Br)[C@@H](N)[N+](=O)[O-].[F-],,D_A_B_E_C_B,sn2,[0.02228949],0
325,325,325,C[C@](Cl)(C#N)C(N)N.[Cl-],,C_D_E_E_B_C,sn2,"[0.05453289 0.05611765 0.05375906 0.05452659 0.05437668 0.05546514
 0.05612323 0.05453222 0.05533317 0.05038932 0.05612474 0.05573458
 0.05569743 0.0557336  0.05569153 0.04659963 0.05568399]",0
